gene_name,cFC,Significance
SLC37A3,-1.60870512741159,Shortened in Neurites
TPT1,-1.45864994836825,Shortened in Neurites
CACUL1,-1.22110675263786,Shortened in Neurites
MICOS10,-1.2134748069671,Shortened in Neurites
POLR3C,-1.09120484646292,Shortened in Neurites
ZNF254,-0.965276334692814,Shortened in Neurites
PCYOX1,-0.872340716626439,Shortened in Neurites
SNAPIN,-0.867138264854288,Shortened in Neurites
ZNF644,-0.866019211487572,Shortened in Neurites
SPOCK2,-0.859007234542768,Shortened in Neurites
ZNF207,-0.854074318677647,Shortened in Neurites
DMAC1,-0.849937096144386,Shortened in Neurites
CEP350,-0.844241429992631,Shortened in Neurites
ATP5MC3,-0.834601960800829,Shortened in Neurites
SIX3,-0.829108959003287,Shortened in Neurites
COX7B,-0.803365404092511,Shortened in Neurites
ALDH2,-0.797061944371396,Shortened in Neurites
SV2A,-0.773887977769227,Shortened in Neurites
SENP5,-0.764929342146677,Shortened in Neurites
MAN1A2,-0.761625331815714,Shortened in Neurites
SRSF10,-0.754933807672157,Shortened in Neurites
MAP4K5,-0.730848491511308,Shortened in Neurites
RPL27A,-0.729659752765225,Shortened in Neurites
TXNL4A,-0.715121094943241,Shortened in Neurites
RPL37,-0.701712682375142,Shortened in Neurites
WARS1,-0.690121879184451,Shortened in Neurites
ATXN10,-0.683657700120759,Shortened in Neurites
POMP,-0.683491571588886,Shortened in Neurites
TOP1,-0.674185212768913,Shortened in Neurites
XKR4,-0.674086814139813,Shortened in Neurites
YME1L1,-0.668548683415558,Shortened in Neurites
SNCG,-0.664442061164927,Shortened in Neurites
LANCL2,-0.662658266023496,Shortened in Neurites
FAM229B,-0.646756434487091,Shortened in Neurites
IGLON5,-0.637376572815383,Shortened in Neurites
SERF2,-0.629245855406354,Shortened in Neurites
RRP1B,-0.627574586888517,Shortened in Neurites
BPTF,-0.620176362341635,Shortened in Neurites
HNRNPDL,-0.620133500660713,Shortened in Neurites
RPL13A,-0.619975064915151,Shortened in Neurites
COPS2,-0.599733171886224,Shortened in Neurites
TCAF1,-0.598677636383171,Shortened in Neurites
SHOC2,-0.595361882113975,Shortened in Neurites
PAK1,-0.594567877501052,Shortened in Neurites
ARID1A,-0.591366940741446,Shortened in Neurites
PUM1,-0.588943711337745,Shortened in Neurites
PSMC4,-0.588460994757523,Shortened in Neurites
CD59,-0.588289703803754,Shortened in Neurites
ANP32B,-0.585179761178419,Shortened in Neurites
SNX19,-0.571130924227612,Shortened in Neurites
PRDX6,-0.562738714318907,Shortened in Neurites
PPIP5K2,-0.562537456996294,Shortened in Neurites
MRPS21,-0.558665325600843,Shortened in Neurites
NDUFV3,-0.553778170925989,Shortened in Neurites
SULT4A1,-0.55144325794214,Shortened in Neurites
MAP3K2,-0.550061916059768,Shortened in Neurites
UBFD1,-0.549339633646395,Shortened in Neurites
ARL5B,-0.549153448985156,Shortened in Neurites
RER1,-0.546696443490907,Shortened in Neurites
CIBAR1,-0.546359670365808,Shortened in Neurites
COX7A2L,-0.545090414446888,Shortened in Neurites
MLEC,-0.540300543998583,Shortened in Neurites
CAND1,-0.540115983244843,Shortened in Neurites
DNALI1,-0.537799305941439,Shortened in Neurites
PBX1,-0.535553200117354,Shortened in Neurites
PCSK2,-0.523874241586255,Shortened in Neurites
NF1,-0.521893880788311,Shortened in Neurites
SMIM10L1,-0.519622122050038,Shortened in Neurites
TRIM36,-0.515411153725798,Shortened in Neurites
KIRREL1,-0.510374717012415,Shortened in Neurites
DEK,-0.508121880072773,Shortened in Neurites
CCP110,-0.504938606125826,Shortened in Neurites
LHX1,-0.50407310174421,Shortened in Neurites
UBE4B,-0.503299476574132,Shortened in Neurites
CNOT2,-0.500938967437675,Shortened in Neurites
UBQLN1,-0.499398462539379,Shortened in Neurites
FAM136A,-0.496083353296408,Shortened in Neurites
C1orf52,-0.493945317052959,Shortened in Neurites
MAGEF1,-0.493665286542096,Shortened in Neurites
RBL2,-0.489418106106042,Shortened in Neurites
GTF2H5,-0.48714400172386,Shortened in Neurites
RAB18,-0.484052600144879,Shortened in Neurites
THOC5,-0.483879249377141,Shortened in Neurites
RNFT2,-0.483706939739018,Shortened in Neurites
KMT2A,-0.481815048207111,Shortened in Neurites
TXNDC15,-0.476801179395134,Shortened in Neurites
DESI1,-0.476362783821707,Shortened in Neurites
GPRIN1,-0.474663251995952,Shortened in Neurites
GSK3B,-0.473461101367757,Shortened in Neurites
DNAJC15,-0.471902464696021,Shortened in Neurites
ARL8A,-0.470316713547759,Shortened in Neurites
DBNL,-0.469122385470057,Shortened in Neurites
LNPK,-0.467381844941171,Shortened in Neurites
API5,-0.466489180704888,Shortened in Neurites
RPL14,-0.464323625206609,Shortened in Neurites
SNX4,-0.462774929354063,Shortened in Neurites
TAOK1,-0.462178475669498,Shortened in Neurites
TSPAN5,-0.460625093587549,Shortened in Neurites
KATNAL1,-0.46039482768296,Shortened in Neurites
MAP4K4,-0.452124188031386,Shortened in Neurites
TBC1D9B,-0.450055994056997,Shortened in Neurites
HNRNPA2B1,-0.44658670466831,Shortened in Neurites
ARL3,-0.444199846647474,Shortened in Neurites
KLHL7,-0.443839788947857,Shortened in Neurites
BSG,-0.439440019908426,Shortened in Neurites
KDELR1,-0.436051404477278,Shortened in Neurites
SUB1,-0.434979368174342,Shortened in Neurites
BAZ2A,-0.434006976001599,Shortened in Neurites
ZPR1,-0.431682168459169,Shortened in Neurites
PSMB5,-0.428368509389082,Shortened in Neurites
UBE2I,-0.423986924520407,Shortened in Neurites
PLEKHB2,-0.423636993834109,Shortened in Neurites
SLC35F1,-0.420852297434849,Shortened in Neurites
RGP1,-0.413876676331112,Shortened in Neurites
DERL2,-0.413253870514739,Shortened in Neurites
AGO1,-0.4116710120158,Shortened in Neurites
ATP5F1E,-0.411598412373932,Shortened in Neurites
NAV1,-0.41101691951909,Shortened in Neurites
TMX4,-0.406946205322135,Shortened in Neurites
RGS10,-0.406890491623063,Shortened in Neurites
EIF2AK2,-0.406238602172168,Shortened in Neurites
SUGT1,-0.404396377583041,Shortened in Neurites
MCF2L,-0.404051622957799,Shortened in Neurites
ATN1,-0.403310195324801,Shortened in Neurites
ZNF302,-0.402749001466574,Shortened in Neurites
EIF1,-0.394346930307823,Shortened in Neurites
LGALS8,-0.394321202571705,Shortened in Neurites
C1orf21,-0.393465262078949,Shortened in Neurites
NKAIN1,-0.393289883277668,Shortened in Neurites
JAM3,-0.388046589046898,Shortened in Neurites
CAMSAP1,-0.385466540706655,Shortened in Neurites
TP53INP2,-0.383255451959684,Shortened in Neurites
DNM1L,-0.382026931332504,Shortened in Neurites
NNAT,-0.381984456259234,Shortened in Neurites
HACD2,-0.38171041595005,Shortened in Neurites
UBA52,-0.379792768082568,Shortened in Neurites
RANBP9,-0.377856335092962,Shortened in Neurites
COA5,-0.37653591272381,Shortened in Neurites
HP1BP3,-0.376178828510103,Shortened in Neurites
POLR3A,-0.374455247921905,Shortened in Neurites
NDUFAF4,-0.372796275667537,Shortened in Neurites
CHD2,-0.371666634489921,Shortened in Neurites
RAB6A,-0.371639525211262,Shortened in Neurites
SLC7A5,-0.371513427729566,Shortened in Neurites
OXSR1,-0.371506538122418,Shortened in Neurites
GDF11,-0.368606889073467,Shortened in Neurites
PTPN1,-0.367001980659221,Shortened in Neurites
PTPRG,-0.36608734986087,Shortened in Neurites
GTF2F1,-0.365751873336833,Shortened in Neurites
CCDC92,-0.364812861299526,Shortened in Neurites
PAPOLA,-0.364806653567674,Shortened in Neurites
CLCN3,-0.364281777010874,Shortened in Neurites
ZCCHC14,-0.363786709804148,Shortened in Neurites
COX7C,-0.363686808368959,Shortened in Neurites
LZTS3,-0.362906603819437,Shortened in Neurites
UQCRB,-0.35678424900752,Shortened in Neurites
ADGRL2,-0.35224636875765,Shortened in Neurites
RAPGEF1,-0.35129892409803,Shortened in Neurites
STMP1,-0.350490575733481,Shortened in Neurites
MRPL3,-0.350410544219902,Shortened in Neurites
PTMA,-0.348829047545854,Shortened in Neurites
RBFOX2,-0.347437694517144,Shortened in Neurites
C12orf45,-0.347422795671039,Shortened in Neurites
HOMER1,-0.347164653648967,Shortened in Neurites
AP2B1,-0.346907816263144,Shortened in Neurites
EPS15,-0.346219858963032,Shortened in Neurites
USP14,-0.343841725836209,Shortened in Neurites
MEF2A,-0.3432143359413,Shortened in Neurites
CORO1C,-0.342514140565093,Shortened in Neurites
LPCAT1,-0.34108045231506,Shortened in Neurites
DNER,-0.340430618028145,Shortened in Neurites
PRKACB,-0.340342231633989,Shortened in Neurites
KLF12,-0.340310957843426,Shortened in Neurites
ZNF561,-0.337878004696595,Shortened in Neurites
BICRAL,-0.336228443470986,Shortened in Neurites
RAB5A,-0.336175585292275,Shortened in Neurites
ROBO1,-0.335602963130233,Shortened in Neurites
SNRPD3,-0.334880653086363,Shortened in Neurites
GOLPH3,-0.334008866653497,Shortened in Neurites
CLDN12,-0.333862727565197,Shortened in Neurites
PGRMC1,-0.332404719172958,Shortened in Neurites
TNR,-0.332303324027588,Shortened in Neurites
GFOD1,-0.332141753573084,Shortened in Neurites
NUDT4,-0.331473243886888,Shortened in Neurites
CCDC90B,-0.330334610555464,Shortened in Neurites
KLHL42,-0.329653768169866,Shortened in Neurites
SUMF2,-0.329271035319978,Shortened in Neurites
NCR3LG1,-0.329187040656939,Shortened in Neurites
RIT1,-0.329094179015221,Shortened in Neurites
OGFRL1,-0.328961529809778,Shortened in Neurites
YIPF6,-0.328878707006351,Shortened in Neurites
PGD,-0.328315181070065,Shortened in Neurites
MATR3,-0.327472071512037,Shortened in Neurites
ENAH,-0.325441476969817,Shortened in Neurites
ACTR1A,-0.325229827299156,Shortened in Neurites
PHC3,-0.325167118408626,Shortened in Neurites
LUC7L3,-0.324816340543067,Shortened in Neurites
ACSL4,-0.323254492430524,Shortened in Neurites
ELOVL5,-0.321098742558589,Shortened in Neurites
SAE1,-0.319962653774013,Shortened in Neurites
BANF1,-0.318639713739574,Shortened in Neurites
TPM4,-0.318106476471354,Shortened in Neurites
APC2,-0.316856145084115,Shortened in Neurites
ZBTB4,-0.31588964224913,Shortened in Neurites
ATPAF1,-0.313868699783405,Shortened in Neurites
TRUB1,-0.313762642885987,Shortened in Neurites
CNOT7,-0.307402967362526,Shortened in Neurites
BRD3,-0.306402408212572,Shortened in Neurites
MDH1,-0.305567635595454,Shortened in Neurites
BMPR2,-0.305089996698532,Shortened in Neurites
TNRC6A,-0.304913064376762,Shortened in Neurites
ZNF24,-0.304767287200283,Shortened in Neurites
CBX3,-0.304587206139076,Shortened in Neurites
THUMPD1,-0.299648054337226,Shortened in Neurites
HEBP2,-0.299072313590312,Shortened in Neurites
AMD1,-0.299017565180447,Shortened in Neurites
TRIM44,-0.297164404517903,Shortened in Neurites
NAV3,-0.297060162670018,Shortened in Neurites
CLIP1,-0.296941405035067,Shortened in Neurites
RIMKLB,-0.296364509893158,Shortened in Neurites
JAK1,-0.295714984909945,Shortened in Neurites
SLC17A6,-0.295003913104468,Shortened in Neurites
ARNT2,-0.294718998270829,Shortened in Neurites
WAC,-0.294098184638148,Shortened in Neurites
RAB11FIP2,-0.293316067907711,Shortened in Neurites
COA7,-0.293080190496536,Shortened in Neurites
FMNL2,-0.292950585584892,Shortened in Neurites
BRI3,-0.292097706865876,Shortened in Neurites
SCN2A,-0.291573888138492,Shortened in Neurites
MTMR4,-0.291037343961382,Shortened in Neurites
RPRD1A,-0.290955559634744,Shortened in Neurites
SMS,-0.290491889513965,Shortened in Neurites
DNMT3A,-0.290088181894476,Shortened in Neurites
ACVR2A,-0.289555432754884,Shortened in Neurites
RNF187,-0.28919114004651,Shortened in Neurites
FAM20B,-0.289172837751258,Shortened in Neurites
FAM169A,-0.289163402238666,Shortened in Neurites
GNL1,-0.287976767485737,Shortened in Neurites
PGAP1,-0.287619598625662,Shortened in Neurites
FAM117B,-0.287598142602722,Shortened in Neurites
CCSER2,-0.287007423802516,Shortened in Neurites
DNM3,-0.286056669211534,Shortened in Neurites
SPOCK1,-0.284149702802047,Shortened in Neurites
BLOC1S6,-0.283275591853836,Shortened in Neurites
STX1B,-0.282907856062651,Shortened in Neurites
ARMC1,-0.282322505154403,Shortened in Neurites
TRIM2,-0.282192424458282,Shortened in Neurites
CLTA,-0.281205994041992,Shortened in Neurites
HIPK2,-0.280307483341343,Shortened in Neurites
MAPK9,-0.280201758700335,Shortened in Neurites
PIP5K1C,-0.279866341787812,Shortened in Neurites
SLC25A3,-0.277705071604121,Shortened in Neurites
CD200,-0.27677748468491,Shortened in Neurites
TTBK2,-0.27588126209656,Shortened in Neurites
ATL2,-0.275174644128806,Shortened in Neurites
AFF3,-0.274712754049106,Shortened in Neurites
RBM39,-0.273652886042723,Shortened in Neurites
NLK,-0.271204421777868,Shortened in Neurites
RPL35A,-0.270292685111382,Shortened in Neurites
DCX,-0.270035774939027,Shortened in Neurites
ACVR2B,-0.268563111195606,Shortened in Neurites
EIF3J,-0.267991944929727,Shortened in Neurites
VCP,-0.267176178243148,Shortened in Neurites
RPL23,-0.266979958890337,Shortened in Neurites
CLINT1,-0.265748529377967,Shortened in Neurites
SNRPD1,-0.265446272708781,Shortened in Neurites
GNAL,-0.264601478053468,Shortened in Neurites
SRSF12,-0.264306297968535,Shortened in Neurites
ATP1B3,-0.26379465426818,Shortened in Neurites
MAPRE2,-0.262550022042489,Shortened in Neurites
GRB10,-0.261078493833565,Shortened in Neurites
NDUFA6,-0.260320960589908,Shortened in Neurites
MORF4L1,-0.259788531732367,Shortened in Neurites
SKP1,-0.259242773736796,Shortened in Neurites
MEST,-0.259070418474893,Shortened in Neurites
WDR26,-0.258500574586641,Shortened in Neurites
SPAG9,-0.257368299384982,Shortened in Neurites
GABBR1,-0.256233483220588,Shortened in Neurites
GNAZ,-0.255512526831812,Shortened in Neurites
ABI2,-0.255361265522098,Shortened in Neurites
NCBP2,-0.255055790570609,Shortened in Neurites
UBE2F,-0.254743225930857,Shortened in Neurites
GALNT2,-0.254597059116922,Shortened in Neurites
PPP1R9B,-0.254413849378821,Shortened in Neurites
AKAP11,-0.254041761971545,Shortened in Neurites
RDH11,-0.252383614447054,Shortened in Neurites
SEPTIN9,-0.251675834871142,Shortened in Neurites
SH3BGRL2,-0.251392307605555,Shortened in Neurites
SNX27,-0.250794384970109,Shortened in Neurites
MFSD6,-0.249481923265393,NS
BTF3L4,-0.248010508852634,NS
RCOR3,-0.246571030557808,NS
TET3,-0.245258858475922,NS
TIA1,-0.245248353906698,NS
DCUN1D4,-0.243555246368016,NS
PPP4R3B,-0.243026173110138,NS
RCAN3,-0.242801911837109,NS
CNIH1,-0.242794753097509,NS
RBBP4,-0.241435026981227,NS
H2AZ1,-0.240998239381143,NS
HMGB3,-0.240164691236175,NS
PSD2,-0.240138749593522,NS
GAREM2,-0.239471828820028,NS
GANAB,-0.239146221969104,NS
SMYD2,-0.238961740271793,NS
RASL10B,-0.237715293714876,NS
PDZD11,-0.237531083445264,NS
SLC30A9,-0.237141941038428,NS
TSPYL1,-0.236147866582165,NS
SDC3,-0.235734403785393,NS
RAB15,-0.234609140477301,NS
PPP3R1,-0.234461009255596,NS
NLGN2,-0.234404896627603,NS
CAMLG,-0.233512587751325,NS
NCBP1,-0.233088727007161,NS
NCKAP1,-0.232839107396875,NS
ATP5PB,-0.232399046819217,NS
KPNA1,-0.230739013672486,NS
FAM126B,-0.230735943702307,NS
CD46,-0.23071595525039,NS
NRXN2,-0.230079747175845,NS
UQCRH,-0.229285026430607,NS
BNIP3,-0.229229084656138,NS
SEC62,-0.227987685417475,NS
EIF4E3,-0.227930372059989,NS
MTCH2,-0.227825066055996,NS
SH3GLB1,-0.226506804092128,NS
ZNF10,-0.22568513264044,NS
VHL,-0.225271441437492,NS
CRIM1,-0.223649419766852,NS
PPP6C,-0.223601787290974,NS
AGAP1,-0.223563172134011,NS
TPD52,-0.223551917576177,NS
KPNA6,-0.223441600561181,NS
RPAP2,-0.22249396277439,NS
TMEM14C,-0.222197122910546,NS
MCFD2,-0.221990682556499,NS
KLHL9,-0.221470906916141,NS
SEMA6D,-0.219753612690287,NS
NARS1,-0.219479690624024,NS
KIAA0513,-0.218860223474882,NS
GARS1,-0.218704277157995,NS
RALA,-0.218530988619974,NS
FNIP2,-0.217350748116125,NS
FTO,-0.216832793410608,NS
PTMS,-0.215873011766588,NS
FXYD7,-0.215320946186224,NS
BLCAP,-0.214484523096935,NS
HNRNPUL1,-0.213617222609508,NS
TMED10,-0.213477808063033,NS
CHGA,-0.213194290806383,NS
GLUD1,-0.213064318936709,NS
SRSF1,-0.212863462321548,NS
ZFP30,-0.212347293522245,NS
SEPTIN11,-0.211784703650594,NS
ARF3,-0.211583152800683,NS
ELAVL4,-0.211470126524423,NS
SMIM14,-0.211453729556318,NS
SET,-0.210937205250405,NS
KIAA1549L,-0.210658203011448,NS
SERTAD4,-0.210595547813398,NS
TSR2,-0.210509736063553,NS
RPL22,-0.209626387805173,NS
SLC25A46,-0.209404023099786,NS
MINDY2,-0.209397104615655,NS
MIEF1,-0.209177379656235,NS
PHIP,-0.209144725612652,NS
ZRANB2,-0.208797144188981,NS
HPCAL4,-0.20858817084976,NS
TMEM59,-0.207887128299003,NS
CYFIP2,-0.207498474432832,NS
ACBD3,-0.205747552105216,NS
PEA15,-0.205275605299261,NS
TSPAN13,-0.204193515058685,NS
KPNA3,-0.202826345287809,NS
PPM1L,-0.2028045341191,NS
PTRHD1,-0.202067929407699,NS
DBN1,-0.201902785788594,NS
SNX30,-0.201564069809577,NS
ATP1B1,-0.201059071906833,NS
PRKAA1,-0.200673382101787,NS
SAMD8,-0.20024242228052,NS
PDCD6IP,-0.200191969683349,NS
UBE2Z,-0.199835917756153,NS
CSGALNACT2,-0.199782556797347,NS
NCAM1,-0.19965864234796,NS
NPEPPS,-0.198915562428384,NS
ZYG11B,-0.198642793763222,NS
CACNA2D1,-0.19817163434108,NS
CELF5,-0.197125436353448,NS
FAM102B,-0.19571174077796,NS
NUCKS1,-0.195663394860725,NS
DYNC1LI1,-0.195309977342545,NS
EIF3M,-0.195199439091708,NS
TMEM43,-0.195090671488272,NS
CMPK1,-0.194993899255615,NS
PRKAR2A,-0.194727630289451,NS
NDUFA7,-0.193721047234387,NS
ODR4,-0.192830954128209,NS
SEC24B,-0.191700096880593,NS
SLC25A4,-0.191453536516127,NS
AREL1,-0.190735919483306,NS
GPR27,-0.190070365491242,NS
PPP2R2C,-0.189326726464661,NS
SLC7A1,-0.189097506904508,NS
KIF21B,-0.188955749998997,NS
PPDPF,-0.188915738482034,NS
TMEM178B,-0.188622763879246,NS
TMEM248,-0.188344014785427,NS
PSD3,-0.187942041845606,NS
NPTXR,-0.187777851960431,NS
WBP2,-0.187164079536611,NS
SMAD1,-0.186298966242782,NS
ECHDC1,-0.186100592499663,NS
GPN1,-0.186067193524643,NS
GRPEL2,-0.18548079604142,NS
CYTH3,-0.185306511905133,NS
ARRB1,-0.185293727694763,NS
LARP1,-0.18394922596287,NS
CYP51A1,-0.183230683142788,NS
ZNF638,-0.18322700685575,NS
YPEL5,-0.183113158837043,NS
WDR48,-0.182020938433851,NS
FAM120AOS,-0.181759692923174,NS
HECA,-0.181743719715149,NS
ARF1,-0.181205734185529,NS
CADM2,-0.180543807317676,NS
PBX3,-0.180144488582918,NS
TOMM70,-0.180092026432773,NS
OXCT1,-0.17952376247712,NS
DNAJC21,-0.179417706057226,NS
CEBPG,-0.179394633265784,NS
SLC5A3,-0.178936122832443,NS
HIP1,-0.178709074101935,NS
NBEA,-0.177809106885555,NS
MTPN,-0.177586008742097,NS
SLC25A5,-0.177405176685596,NS
RPL36,-0.176834551786685,NS
NMNAT2,-0.176519366760532,NS
WDR82,-0.176307997483542,NS
CCDC50,-0.175332265488064,NS
SRPK2,-0.174114273643372,NS
SHTN1,-0.17352126211135,NS
CNBP,-0.17287044422859,NS
CDK5R1,-0.172834636563169,NS
NRXN1,-0.172427201356675,NS
DNAJC5,-0.171105342231862,NS
RIOK3,-0.170490369748523,NS
EP400,-0.169900165701229,NS
RAB3GAP2,-0.169101648354662,NS
EIF4G2,-0.169001601820241,NS
SYT11,-0.16838609785012,NS
LSM11,-0.167778907413688,NS
ATP9A,-0.167513310139172,NS
PTP4A1,-0.167421516350139,NS
SVIP,-0.166846161805234,NS
HERPUD1,-0.166784380695838,NS
ONECUT2,-0.166633703054543,NS
GNG4,-0.166326850510291,NS
PPP2R5E,-0.165993466596949,NS
STX6,-0.165860743076191,NS
RUNX1T1,-0.165817584330962,NS
EIF4G3,-0.164041101446551,NS
CERS6,-0.16305457740674,NS
CDC42,-0.162893038289842,NS
ZNF398,-0.162613496986724,NS
KLHL23,-0.161615170235917,NS
SRSF8,-0.161453832175526,NS
TPI1,-0.161180731876303,NS
SRP72,-0.160745322578754,NS
MRPS35,-0.159796324162864,NS
CAPRIN1,-0.159367433093294,NS
DDAH1,-0.159102738725903,NS
CASK,-0.158852222003622,NS
EIF3H,-0.1586402892591,NS
HACD3,-0.158221462646543,NS
BICD1,-0.157693256017756,NS
TRIM8,-0.157135347400157,NS
SCG5,-0.157024290607617,NS
LANCL1,-0.156919626287942,NS
RAB11A,-0.15657821594647,NS
CLIP3,-0.156100830549975,NS
ZNF385D,-0.155922639323041,NS
VPS36,-0.155897609906256,NS
MAPK8IP2,-0.155676628121899,NS
HSD17B12,-0.155218621436936,NS
HOOK3,-0.154556028251938,NS
SARAF,-0.154419077005027,NS
ZNF641,-0.153348111132299,NS
CEP170,-0.152588437816787,NS
WSB2,-0.152264007677168,NS
MDM4,-0.152258572855473,NS
RASAL2,-0.151656578453953,NS
ADD3,-0.151350214850018,NS
MTMR2,-0.15092113763821,NS
OPTN,-0.150850427148937,NS
ACADSB,-0.150679363655329,NS
NMD3,-0.150535692612115,NS
KCTD20,-0.150138707303512,NS
TXNL1,-0.150093634043855,NS
AFF4,-0.149634683990472,NS
ATG12,-0.149600279126575,NS
TRA2B,-0.149504649299865,NS
EID1,-0.149355064919818,NS
OAZ2,-0.148837159134007,NS
RPL27,-0.148566860456582,NS
HSPD1,-0.148386564902788,NS
LSM8,-0.147287461173573,NS
KIF1B,-0.14724810660315,NS
RPS2,-0.147100447217751,NS
RPL15,-0.146808982755922,NS
FAM107B,-0.146645120932881,NS
RPN2,-0.146259755530264,NS
EIF3F,-0.145744186363341,NS
PTPRT,-0.145481708356951,NS
FNTA,-0.145157730976753,NS
HMGCR,-0.145102306271087,NS
TSC22D2,-0.145094211775437,NS
TM9SF3,-0.144126853242053,NS
ZC2HC1A,-0.144075614065452,NS
RBM25,-0.143770832041807,NS
CLASP2,-0.143725703831676,NS
NOL4L,-0.143720352169083,NS
ATP5F1B,-0.14358146967778,NS
SYT4,-0.143466457255923,NS
SGCB,-0.143453939954376,NS
DUSP4,-0.142730560832099,NS
STRAP,-0.142468529220764,NS
CAMK2N2,-0.142276283753752,NS
ETNK1,-0.141848541691616,NS
TM2D2,-0.141487118767933,NS
NPTX1,-0.141139051471619,NS
MRPL30,-0.140650679518378,NS
DEAF1,-0.140326571935647,NS
KPNA5,-0.139642597448121,NS
KNSTRN,-0.139146833039877,NS
CRIPT,-0.138761703093819,NS
SAR1A,-0.13841555543046,NS
UBA2,-0.138352944833276,NS
CDH2,-0.138044224868048,NS
GABARAPL1,-0.137294020798394,NS
BCAT1,-0.137177852864819,NS
OSBPL8,-0.13714139625792,NS
STT3B,-0.137121598976896,NS
SLC25A36,-0.136923112288311,NS
STMN2,-0.136590165357252,NS
DDX5,-0.136165216367448,NS
LSM3,-0.136130114890275,NS
PRNP,-0.136071136741427,NS
DPYSL3,-0.135922596000381,NS
FNBP1L,-0.134871654786853,NS
LAPTM4A,-0.13485765843551,NS
NEGR1,-0.133884795310433,NS
TMBIM6,-0.133631535487202,NS
PSME3IP1,-0.132904687238546,NS
MOAP1,-0.132427792536918,NS
UBL3,-0.132370350914677,NS
EIF2AK1,-0.131935919010285,NS
SPRING1,-0.131561677796708,NS
UQCR10,-0.130888756653255,NS
SPIRE1,-0.130670913330287,NS
ACP1,-0.130504029205513,NS
DERL1,-0.130115663130734,NS
ADO,-0.129838968685209,NS
TCERG1,-0.129691255695754,NS
ARL10,-0.129641099588532,NS
ZDHHC21,-0.129074386977271,NS
FYTTD1,-0.127704563447809,NS
COPZ1,-0.127432677960647,NS
NDUFS1,-0.127362303827045,NS
IDI1,-0.125830011004114,NS
CLTC,-0.125508557277331,NS
SYT1,-0.125429739426832,NS
POLR2C,-0.125233617904301,NS
CACYBP,-0.125054208946435,NS
PEBP1,-0.124982282026515,NS
SIPA1L2,-0.124937310497187,NS
UBE2D3,-0.124607330396276,NS
TRAK2,-0.124431599201141,NS
UBE2QL1,-0.123657348941247,NS
DYNLL2,-0.122439039230791,NS
ST13,-0.122217218531472,NS
MAPRE1,-0.1217219444233,NS
EIF2S3,-0.121680520615788,NS
APBA1,-0.121453597544658,NS
CADM3,-0.121276244856037,NS
HNRNPLL,-0.121219319577734,NS
EPB41L1,-0.120948668161388,NS
AMER2,-0.120573585556786,NS
HK1,-0.120425177486749,NS
SMAP2,-0.120258477824892,NS
CACNG8,-0.119467273277865,NS
FEM1B,-0.11925245338575,NS
ZCCHC17,-0.119181619885255,NS
STARD7,-0.119026468499996,NS
ADD2,-0.118276069071312,NS
RAB11FIP4,-0.118166831913943,NS
SETBP1,-0.118154951949464,NS
FBXO41,-0.11787998114012,NS
ATP5MF,-0.11750680782082,NS
AASDHPPT,-0.117323557874289,NS
GOT2,-0.116766519657615,NS
RBM18,-0.116669996909826,NS
FAR1,-0.116199833052288,NS
SCG3,-0.116123303719992,NS
DCAF5,-0.115683943380735,NS
METAP1,-0.115434050655855,NS
TSPAN3,-0.115258933207443,NS
SKIL,-0.115203247898788,NS
SNX12,-0.115113859508095,NS
DBI,-0.115010612000614,NS
BCLAF1,-0.114786605215329,NS
EPM2AIP1,-0.114776830888767,NS
GHITM,-0.114323601476121,NS
TIMP2,-0.114207533434575,NS
DKK3,-0.11403923387808,NS
OLFM1,-0.113062371362718,NS
ZNF195,-0.112998856813275,NS
RHOA,-0.11297356906408,NS
GNAO1,-0.112506265091196,NS
ATP6V1F,-0.111690193888535,NS
POU4F1,-0.111329259368193,NS
SLC38A1,-0.110815000065854,NS
PRKAR2B,-0.11010004336333,NS
UNC13C,-0.110088457394442,NS
ASIC1,-0.110062566832403,NS
GOLGA3,-0.110062176238954,NS
TANC2,-0.109930735969595,NS
RBM4,-0.109224739267479,NS
MAP9,-0.109119023956614,NS
TBC1D16,-0.10894396486249,NS
ATP6V0E2,-0.108854965300497,NS
DDX21,-0.108853684150442,NS
DDX17,-0.108531037787516,NS
NUDT21,-0.107906215629748,NS
ARGLU1,-0.107687020210542,NS
NFE2L1,-0.10701500866729,NS
CMIP,-0.10657765284203,NS
DICER1,-0.1060156499394,NS
TTC39C,-0.105957947026207,NS
MAPK8,-0.105810731434346,NS
TMEM183A,-0.105773086747935,NS
SCUBE3,-0.105647722747961,NS
CREBL2,-0.10430532918105,NS
PANK3,-0.10416008840185,NS
SLC22A15,-0.104139738236977,NS
RAB2A,-0.103897106373678,NS
ARMCX3,-0.103831518876919,NS
NSG1,-0.103080409863802,NS
GNAQ,-0.102843067984319,NS
DIRAS1,-0.102352983672043,NS
MAFG,-0.102239906915109,NS
NEFM,-0.101388926781673,NS
ACSL3,-0.101077184628061,NS
PPM1A,-0.100776976422378,NS
GLS,-0.100280127947892,NS
SLF2,-0.100233100201293,NS
MFF,-0.0994803217697979,NS
VKORC1L1,-0.0994366770968301,NS
UCHL1,-0.0992033104830073,NS
MAT2A,-0.09881219145194,NS
C9orf78,-0.0986959863932003,NS
PGM2L1,-0.0985974466372438,NS
ORAI2,-0.0980659626771551,NS
BRPF3,-0.0976259436707898,NS
RNF2,-0.0965433692089911,NS
CFL2,-0.0963729228683353,NS
LSM14A,-0.0962982905557644,NS
VAT1L,-0.0960725192170203,NS
TMED7,-0.0956796930019647,NS
NAPG,-0.0953480651028715,NS
HSPA4,-0.0950385279112093,NS
PRKDC,-0.0949543524356429,NS
NCOA3,-0.0948684637719406,NS
PDHB,-0.0939724940306037,NS
ZNF146,-0.0931256256483434,NS
YWHAE,-0.0929793694358948,NS
IPO5,-0.0926634165899717,NS
EAF1,-0.0925625898701744,NS
ITM2B,-0.092297355392747,NS
JOSD1,-0.0920876895339504,NS
ANKRD46,-0.0919651863909247,NS
TRIB2,-0.0914674379100239,NS
SLC25A44,-0.0914385825910562,NS
EEF1A2,-0.0911540274043752,NS
TARS1,-0.0910611876008015,NS
UBXN2B,-0.0909670598756133,NS
TMEM132E,-0.090801814183146,NS
NONO,-0.090681399472065,NS
TRIM33,-0.090617435189313,NS
EIF5,-0.0904330113277217,NS
BAALC,-0.0902177141993741,NS
NRN1,-0.0884445167525037,NS
TMA7,-0.0882467052388026,NS
SETD5,-0.0882149849714915,NS
SGTB,-0.0881371247892195,NS
SLC1A4,-0.0878489166112356,NS
SMAD2,-0.0877836699126409,NS
PCDH9,-0.0877213381252252,NS
UNC80,-0.0873875243249755,NS
YWHAG,-0.0871044627774521,NS
TUBB2B,-0.0870844494572257,NS
GFRA1,-0.0869696955078146,NS
TSC22D3,-0.0868668994089855,NS
GOLGA8A,-0.086409577472486,NS
ANP32A,-0.0856925601489921,NS
GOPC,-0.085660760902498,NS
ARL6IP1,-0.0854324169630067,NS
YWHAB,-0.0851795071886378,NS
ATP6V0B,-0.0837874893919119,NS
VAMP2,-0.0836646935260552,NS
BZW1,-0.083563105007047,NS
KIDINS220,-0.0835284868047286,NS
TMOD2,-0.0834182773454868,NS
NIFK,-0.083152403174559,NS
PDXK,-0.0822554949401278,NS
PLEKHA1,-0.081870614131057,NS
HSPA9,-0.081679551922176,NS
SHMT2,-0.0810156828702282,NS
HDGFL3,-0.0807593468406639,NS
C3orf14,-0.0789652635728755,NS
EFNA5,-0.0784047623158282,NS
AAGAB,-0.0775956280953949,NS
ZNF445,-0.077298375594125,NS
SPAST,-0.077178784921639,NS
TMEM167A,-0.0771292096887066,NS
FGD4,-0.0770655477335163,NS
MEAF6,-0.0760881573914485,NS
SYT7,-0.0760347528458544,NS
KDELR2,-0.0760322703163575,NS
SRP14,-0.0759676414183336,NS
MANEAL,-0.0757431957566339,NS
UBE2D2,-0.075256262207512,NS
DNAJA2,-0.0749632793577708,NS
TBL1XR1,-0.074875871292625,NS
NNT,-0.0748490491514848,NS
CYCS,-0.0748442756352664,NS
ZFAND5,-0.074776149789243,NS
UBE2L3,-0.074350098119515,NS
NCAN,-0.0742865461529175,NS
TPPP,-0.0742451262495383,NS
ROBO2,-0.0739421627914544,NS
GADD45A,-0.0736051508960846,NS
NRCAM,-0.0731677383766635,NS
SRD5A1,-0.0726113018510539,NS
PGRMC2,-0.0725062381376487,NS
ARRB2,-0.0719471021572453,NS
ACTR2,-0.0718050277920553,NS
REEP5,-0.0715312009340045,NS
RAB8B,-0.0715143999235924,NS
FAIM2,-0.0713921956827039,NS
LDHB,-0.0708519247910146,NS
BCL11A,-0.0707565629603598,NS
GPR107,-0.0707426704718865,NS
MAP2,-0.0703572236373231,NS
SNAPC3,-0.070075738186014,NS
PFKFB3,-0.069711037243804,NS
SEPTIN7,-0.0695096994455268,NS
TAFA5,-0.06907134042696,NS
ZKSCAN1,-0.0690513906098715,NS
GRAMD1B,-0.0685158758435177,NS
ARHGAP32,-0.0681379446205165,NS
GAB2,-0.0672945103398941,NS
RNF7,-0.0671087844951853,NS
ACVR1B,-0.0670928301084899,NS
RHOQ,-0.0669276279565803,NS
NUDT16,-0.066060847600937,NS
RPS6KA2,-0.0660587336111281,NS
ATF4,-0.066051130375734,NS
GTF2A1,-0.0657136141700555,NS
CFDP1,-0.06570009305008,NS
JPH4,-0.0653923451909406,NS
BEX3,-0.0649630239819125,NS
CBX1,-0.0649130948378792,NS
EIF4B,-0.0638740117830097,NS
MRPS6,-0.063664133971737,NS
NDUFB5,-0.063395492573878,NS
CLSTN2,-0.0633006018071054,NS
TMEM170B,-0.0631734702797181,NS
SKA2,-0.0630836061384742,NS
RTRAF,-0.0630212821020183,NS
TBRG1,-0.0628842469564258,NS
BTF3,-0.0622876153171643,NS
MXI1,-0.062238677438743,NS
INPP4A,-0.0620898856359067,NS
EXOSC6,-0.061673266642627,NS
SH3PXD2A,-0.0616032028321807,NS
OSBP,-0.0614591609225407,NS
LBH,-0.061349089005393,NS
CAMSAP2,-0.061267471590165,NS
MACO1,-0.0610333000411985,NS
DACH1,-0.0609635852394753,NS
MYO9A,-0.060796378248272,NS
EPHA3,-0.0603603810189423,NS
TLE5,-0.0602932624555559,NS
NIPAL3,-0.0596531740098453,NS
ZFP91,-0.0595843446715844,NS
RTN3,-0.0594850560119018,NS
UFM1,-0.0590494188842185,NS
SAP18,-0.0588380146665596,NS
TMED8,-0.0586894937930028,NS
STX12,-0.0585162622914305,NS
FHL1,-0.0584493616287882,NS
USP32,-0.0581863325812743,NS
SLC16A2,-0.0576501556291944,NS
LYPLAL1,-0.0576376959983023,NS
PCDH17,-0.057574485689031,NS
DNAJC6,-0.0571324429888091,NS
SBDS,-0.0571287131281345,NS
C1orf43,-0.0568898000492551,NS
KRAS,-0.0567338783034169,NS
GNL3L,-0.0559954919400149,NS
AGO2,-0.0558772522378307,NS
ZNF362,-0.0558511151064861,NS
BAZ1B,-0.0557481219024677,NS
H2AZ2,-0.0553762576397457,NS
NDUFA4,-0.0551589163452302,NS
CAMK4,-0.0550272197618438,NS
PRXL2A,-0.054656311938056,NS
TIMM10B,-0.0543374557347963,NS
UBXN4,-0.0531778402647973,NS
SNX10,-0.0521040289424525,NS
ARL6IP5,-0.0520168031807231,NS
KIF3C,-0.0518225787857098,NS
BEX4,-0.051532588722106,NS
EDIL3,-0.0515139637391508,NS
ABLIM1,-0.0509292587898161,NS
EIF4EBP2,-0.0508699651441554,NS
UNC5C,-0.050422268598679,NS
PAK2,-0.0504107220614409,NS
UGGT1,-0.0499369710637938,NS
CSRNP2,-0.0499193107592233,NS
INA,-0.0490567811658736,NS
ARL8B,-0.0489210000853825,NS
DUSP3,-0.048735843350646,NS
F2R,-0.047904775691746,NS
MAPT,-0.0475400717500804,NS
SCAMP1,-0.0473742949190229,NS
SORBS1,-0.0470510507534793,NS
VPS26B,-0.046703654777542,NS
SOD2,-0.046379560847919,NS
SUMO3,-0.0461013389055456,NS
NCOA4,-0.0460279688601703,NS
MARCKS,-0.045943774344281,NS
IGF2BP1,-0.0455853744698036,NS
UBE2N,-0.0453619208610473,NS
TRIR,-0.0453403725467774,NS
ZFAND3,-0.045007199217611,NS
PNMA8A,-0.044751832211001,NS
SPIN1,-0.0442870772792547,NS
VBP1,-0.0442057201460445,NS
APMAP,-0.04399266228585,NS
EXOC5,-0.043846340191927,NS
BNIP3L,-0.0433740553366503,NS
UBE2A,-0.043366244106602,NS
CDKN1B,-0.043256799360201,NS
CRMP1,-0.0431179865550979,NS
FADS1,-0.0423349594630799,NS
TCTA,-0.0421584762937605,NS
AP3D1,-0.04133153430314,NS
ALKBH8,-0.0412851057551918,NS
RAN,-0.0409649064944911,NS
EIF1AX,-0.0408998293818803,NS
MARCKSL1,-0.0408597061189667,NS
RMND5A,-0.0407629885020096,NS
HUWE1,-0.040542131058682,NS
STX16,-0.0404520665138126,NS
MEGF8,-0.0402537932559592,NS
CAMTA1,-0.0402108806442557,NS
XRCC5,-0.039772908368969,NS
SHROOM2,-0.0396737897701596,NS
XPR1,-0.0396612630742074,NS
DPYSL2,-0.0392438860241874,NS
ADCYAP1R1,-0.0390216261253386,NS
ATP6V1B2,-0.0389361103424765,NS
RPS23,-0.0388474603453045,NS
RLIM,-0.038263877840459,NS
FAXC,-0.0373185455102851,NS
SYT13,-0.0372854379926076,NS
KCTD7,-0.0372519190441007,NS
KCND3,-0.0369868153853695,NS
KIAA1549,-0.0364309277789896,NS
RAB21,-0.0360784585375801,NS
HSPA4L,-0.0354762118497382,NS
IP6K1,-0.0353347898001277,NS
MARCHF6,-0.0349749922066173,NS
LSM4,-0.0348877448814235,NS
NIPA1,-0.0342088361440487,NS
ZNF664,-0.0340888011609311,NS
SERINC3,-0.0340409633943854,NS
TMSB4X,-0.033914652727124,NS
WSB1,-0.033905762802561,NS
RAB3B,-0.0337885861772145,NS
OGA,-0.033704864722496,NS
DSTN,-0.033381176447168,NS
ZNF512,-0.0331802577249974,NS
KHDRBS1,-0.0330046330838565,NS
PLBD2,-0.0329440742629971,NS
ZNF394,-0.0326172272388033,NS
IGBP1,-0.032133409595008,NS
SERBP1,-0.0320004573872955,NS
TOMM22,-0.031488960211525,NS
CPEB4,-0.0314570026757566,NS
AZIN1,-0.0312345519025902,NS
SH3KBP1,-0.0311201442758824,NS
WNK1,-0.0309617185908149,NS
CD99L2,-0.0308279008751018,NS
ACLY,-0.0307193080327958,NS
BPGM,-0.0302135271121639,NS
RNF144A,-0.0301874002651349,NS
GMFB,-0.0300502920749359,NS
RAB14,-0.0293977346678925,NS
ZDHHC17,-0.029141330220337,NS
PRKAB2,-0.0290546720857668,NS
AP1G1,-0.0284814735990391,NS
DLGAP4,-0.0282947122394233,NS
RNF5,-0.028253273120232,NS
ATRN,-0.028004307225652,NS
NAP1L1,-0.0277696508414501,NS
ARHGAP35,-0.0270966624059195,NS
REEP1,-0.0267758331029495,NS
MPZL1,-0.0264041337521299,NS
CELF2,-0.0263668029851879,NS
HINT3,-0.0263210950726781,NS
FAM171B,-0.0261483064083297,NS
ENO1,-0.0260828021255578,NS
RAB10,-0.0258719052567045,NS
NAV2,-0.0250173570418544,NS
PIP4K2B,-0.0247836140652676,NS
UBE3A,-0.0233780860637406,NS
KIAA0895,-0.0232632582693728,NS
PTPRO,-0.023249474884528,NS
ENDOD1,-0.0232117683265935,NS
GFPT1,-0.0228190754853667,NS
CDKN2AIPNL,-0.0220968301345769,NS
PPP2CA,-0.021660124760414,NS
AP1M1,-0.0209494686797955,NS
RICTOR,-0.020703090053497,NS
CCDC43,-0.0202437847122615,NS
SYNJ2BP,-0.020102652680334,NS
ATP1B2,-0.0199025971625394,NS
NSG2,-0.01935928742995,NS
SEZ6L,-0.0192279561118832,NS
GOLM1,-0.0191637590256994,NS
HMGB1,-0.0191090902538911,NS
GNA13,-0.0188474715972643,NS
CHML,-0.0183851404451863,NS
FAM155A,-0.0180483376985491,NS
XBP1,-0.0179334649786054,NS
NACA,-0.017598306584409,NS
PARK7,-0.0173549087826483,NS
DYRK1A,-0.0171364492024396,NS
AFAP1,-0.016908951249338,NS
RNF114,-0.0167014693400453,NS
EBF3,-0.01580814065257,NS
LGI2,-0.0151256575521315,NS
MTRNR2L8,-0.014352106353535,NS
SNAP29,-0.0138403120180827,NS
ZNF460,-0.0131467765555639,NS
SERP1,-0.0128990865943327,NS
CRKL,-0.0124391935608466,NS
KIF3B,-0.0123222543772015,NS
NME1,-0.0122706525163352,NS
CADM1,-0.0120799939794867,NS
CNTN1,-0.0119706932008096,NS
PTER,-0.011553831625019,NS
C5orf24,-0.0112973344193761,NS
TGFBR1,-0.0112434362139827,NS
EVL,-0.0112039939442168,NS
DIMT1,-0.0108702929209811,NS
MAPK6,-0.0108241324697387,NS
ELAVL1,-0.0100742491014995,NS
TRAK1,-0.00944599608705371,NS
AP3S1,-0.0091461607816835,NS
VDAC3,-0.009019878227236,NS
DR1,-0.00901544742573626,NS
NAP1L5,-0.00897991308135878,NS
NEBL,-0.00893467934064388,NS
TUNAR,-0.00860269980372763,NS
PTP4A2,-0.00833543893027188,NS
ATP6V1G1,-0.00818945738899103,NS
DPY30,-0.00789040694965726,NS
CHCHD7,-0.00700403288244107,NS
MDK,-0.00665528683535885,NS
DST,-0.00615127515091657,NS
PRKCE,-0.005941905090124,NS
TUB,-0.005267884984118,NS
ALKBH5,-0.00456069408383719,NS
RAB8A,-0.00455229779698851,NS
CCDC184,-0.003914770019866,NS
HK2,-0.00368585854962455,NS
PPIL1,-0.00309430145367249,NS
MAP1B,-0.0025494854343162,NS
PPP1CB,-0.00245406877466191,NS
YTHDF2,-0.00228706019059149,NS
RBM8A,-0.00207811382425328,NS
CD47,-0.00148816575519832,NS
HNRNPA0,-0.00143588654084045,NS
HNRNPH3,-0.00136391452079843,NS
DPYSL5,-0.00112584648612603,NS
ADAM22,-0.000655748463629813,NS
CCNI,-1.40374840575108e-06,NS
CACNG7,0.000185507453328959,NS
SKI,0.000240176547154504,NS
ANK2,0.000299027146777415,NS
ERGIC3,0.000336709795284329,NS
ATP6V1A,0.000357870129128143,NS
GAP43,0.000562366768664502,NS
SNRPD2,0.000576343167052684,NS
SEPTIN3,0.000612044851729682,NS
ZMYND11,0.000894054845088799,NS
ANO5,0.000921980922781664,NS
TULP4,0.0011846602039345,NS
C6orf62,0.00122692412155673,NS
IVNS1ABP,0.0014527863971612,NS
COX8A,0.00151296332474615,NS
ADCY1,0.0016556082491203,NS
MAPKAPK5,0.00212030374229655,NS
ARIH1,0.00236196466069686,NS
ANKRD13A,0.00241739802934654,NS
CANX,0.00302468127063831,NS
ADAR,0.0036450212711755,NS
SPCS3,0.00373305515810816,NS
CALM3,0.0039654512873036,NS
UNC13A,0.0044475677825808,NS
ABCE1,0.00453113692905549,NS
MDM2,0.00454924004305307,NS
DOK5,0.00499674667715688,NS
NLGN4X,0.0051881085195038,NS
CBLN1,0.00542683456859874,NS
APLP2,0.00588884528327249,NS
CKAP4,0.0060142851359915,NS
PJA2,0.00619240348432658,NS
OPCML,0.006359461115026,NS
SUPT7L,0.00757859654077966,NS
YWHAZ,0.00772054714737932,NS
CERK,0.007867015346933,NS
SESN3,0.00814361992769974,NS
VAPA,0.008283662306727,NS
PEG10,0.0104359784362409,NS
FAM199X,0.0106790420712537,NS
NBR1,0.0108562772019417,NS
TIPRL,0.011223507162141,NS
CCT6A,0.0119530668668463,NS
PPM1K,0.012442691276041,NS
PPP4R1,0.0126265204100076,NS
DCLK1,0.0127726091801468,NS
ANAPC13,0.0135227665582735,NS
CAPN7,0.0141247817406965,NS
ISCA1,0.0141782924214567,NS
DYM,0.0142801676826379,NS
ENO2,0.0143239923748026,NS
CISD2,0.0150191794204334,NS
PRKCI,0.0152288987223795,NS
PSAP,0.0153651260042536,NS
ARPP19,0.0158656198752212,NS
AMER3,0.0160821883358052,NS
KCNK3,0.0162938133958834,NS
UBE2K,0.0163238072784291,NS
DYNC1H1,0.016712732451546,NS
RTN4,0.017199482914115,NS
NRP1,0.0173020515736067,NS
RANBP1,0.0173567113327285,NS
DAAM1,0.0174955719473984,NS
MTMR9,0.017586720751339,NS
CHP1,0.017711837299819,NS
PEDS1,0.0177844080254305,NS
DYNC1LI2,0.017899965712312,NS
RBMS3,0.0180136952878115,NS
UBE2V2,0.018028431464614,NS
GABRB3,0.0185960530167222,NS
RAD21,0.0192461436958701,NS
KIF21A,0.0197144781573263,NS
IDH1,0.0200653194371404,NS
SCAMP5,0.0205371767502967,NS
DOC2B,0.020543166177349,NS
PBRM1,0.0207253824007447,NS
CALM1,0.0208212476819124,NS
PPM1E,0.0209531643342821,NS
CYGB,0.0213018419989766,NS
BCL2L2,0.0213488001255627,NS
ZNF605,0.0213826259273288,NS
NEDD4L,0.021467892388225,NS
RNASEH1,0.0216399227877589,NS
IPO9,0.0216467408981866,NS
DNAJC8,0.0216753448454432,NS
C2CD5,0.0217626751855709,NS
UBE2W,0.021867357978532,NS
HSPA13,0.0223457392246929,NS
TNPO1,0.0224884978200966,NS
GNG2,0.0225779149534194,NS
TOMM20,0.0229958384553686,NS
PSME3,0.023239156462295,NS
TMEM97,0.023408996895882,NS
LRRC49,0.023491526617189,NS
ATF2,0.0235145789397989,NS
SRGAP1,0.0235588870971176,NS
CLCN4,0.0237883690242703,NS
C14orf132,0.0238071215446224,NS
RAP1GDS1,0.0240499536059837,NS
RAB2B,0.0241944619874129,NS
CFL1,0.0242247412976324,NS
ETF1,0.0246454441570106,NS
G3BP2,0.0247956485886652,NS
GNAI1,0.025177599433067,NS
IRX2,0.0254128060972815,NS
MEX3A,0.0255829427003757,NS
FKBP4,0.0259160776866456,NS
CAB39,0.0259909142672905,NS
KLF7,0.0260892488213698,NS
SRI,0.0260937950733431,NS
AP1S2,0.0265482246057481,NS
RHBDD2,0.0270425840275556,NS
LONRF2,0.0272265161211133,NS
RALB,0.0281105626991138,NS
ATP2A2,0.0282192213649542,NS
DCTN4,0.028598107935047,NS
UBXN7,0.0289474810206615,NS
UBA1,0.0291021221202566,NS
BICD2,0.0292120130985329,NS
SIKE1,0.0296323892352291,NS
LRATD1,0.0303639235361882,NS
NCALD,0.0306569638425953,NS
AKAP6,0.0307739945333592,NS
PHACTR1,0.0308216155932289,NS
MYO5A,0.0313993449624167,NS
LZIC,0.0316219470918577,NS
ISCU,0.031969742590543,NS
TACC1,0.0320220124110915,NS
HIGD1A,0.0321509645347484,NS
DENR,0.03223252626383,NS
UBE2H,0.0332199520265668,NS
CBX5,0.0332649538744837,NS
DAD1,0.0334275602434422,NS
CDS2,0.0335432813215967,NS
FAM32A,0.033709973519573,NS
EIF4EBP1,0.034038630399736,NS
NTM,0.0340689782706768,NS
LAMP1,0.034076952841065,NS
BRK1,0.0345255087784453,NS
FBXL16,0.0348656363503815,NS
SNRNP27,0.0348864187604098,NS
CASTOR2,0.0358352234664211,NS
CNTNAP2,0.0361209707020642,NS
FGF11,0.0361820692486908,NS
TTL,0.036731680655976,NS
RERE,0.0367378757800779,NS
CAMK2N1,0.0367958858130901,NS
SLC2A13,0.0372223166993841,NS
ATP5MJ,0.0377330537665079,NS
FDFT1,0.0380842537041619,NS
OGT,0.039685993080622,NS
NDUFA5,0.0398615179825653,NS
LRRC47,0.0402499733013799,NS
NAA50,0.0414309920833978,NS
ELAVL2,0.0416634590663946,NS
ANKRD13C,0.0422082590270228,NS
DCAF7,0.0423087231459514,NS
MAP1LC3B,0.0424623821450173,NS
ZNF704,0.0431162998957801,NS
CDV3,0.0440978121860917,NS
PCBP2,0.0441960421643955,NS
NPM1,0.0449308473615901,NS
CRAMP1,0.0449711433295489,NS
EPB41L3,0.0452346944994537,NS
ATP8A1,0.0452946831214067,NS
MSANTD4,0.045317215333362,NS
DISP2,0.0456332614770066,NS
CBFB,0.0459682214156511,NS
MRPL42,0.0459950346248711,NS
RAB5B,0.046491052982702,NS
TUBB,0.0467433948880929,NS
KLHL24,0.0469197103767555,NS
GDI2,0.0469487967725304,NS
APEX1,0.047094323395665,NS
ACTG1,0.04715769856448,NS
ME2,0.0474780174766414,NS
CASD1,0.0474993951814508,NS
SH3BGRL3,0.0490291543090273,NS
ADIPOR1,0.0492930199967475,NS
CAPZA1,0.049455515585563,NS
COPS8,0.0496025200917173,NS
LHFPL6,0.049865768860402,NS
CS,0.049907173363864,NS
RPL7L1,0.0502774883425148,NS
BLOC1S1,0.0504394410811608,NS
TUBB4A,0.0506140071678946,NS
ASAP1,0.0507535974676455,NS
NSD3,0.050925012587746,NS
NDUFS6,0.0511170368996305,NS
ATCAY,0.051205619219816,NS
SERINC1,0.0513891719084063,NS
BTBD3,0.051588501826124,NS
ARF4,0.051875635221766,NS
LDHA,0.051885454647869,NS
SULF2,0.052133673452299,NS
RAB39B,0.0526932041210354,NS
RNF152,0.0527204425684927,NS
RABGAP1L,0.0528223909561447,NS
ZNF91,0.0528259309697696,NS
JUN,0.053575767886217,NS
IREB2,0.05414465310159,NS
ERP29,0.0542901640398667,NS
MMP24OS,0.0544064442278684,NS
MAP1A,0.054477505660293,NS
AKIRIN1,0.0545185899797546,NS
PTBP3,0.0545866938065471,NS
GSE1,0.0548194455945535,NS
KIAA0232,0.0556753467085642,NS
WDR1,0.0559009591187182,NS
CTNNA2,0.0564439625242745,NS
UBE2L6,0.056695001311007,NS
ANKFY1,0.0570016216739406,NS
SPTBN1,0.0570210609043275,NS
RAC1,0.0572898254765865,NS
APP,0.0578870475721262,NS
PTBP2,0.059062557840219,NS
SOX4,0.0594418320308261,NS
CDC42EP3,0.0596915025113329,NS
SELENOI,0.0598485158272562,NS
ACTB,0.0599250748038207,NS
EBF2,0.0601494673652834,NS
USP7,0.060151693772853,NS
SLC9A7,0.0604183293139797,NS
RAD23B,0.0606340041299187,NS
OLA1,0.0609451970120055,NS
UHMK1,0.0611032821948255,NS
C11orf58,0.0614097150980365,NS
MCL1,0.061556165981967,NS
PNMA1,0.0618121250176776,NS
PTDSS1,0.06198183403408,NS
MRPL44,0.0626382111087566,NS
PIK3R2,0.0627873008588946,NS
PCSK1,0.0633210403219998,NS
ARFGEF2,0.0633862487016758,NS
CCNY,0.0640017626468143,NS
RUNDC3B,0.0642497421908475,NS
MYL12B,0.0643285200989415,NS
RDX,0.0644368913613993,NS
ATP6V1G2,0.0644733222215381,NS
NECAP1,0.0645824550899259,NS
STOX2,0.0651467153354645,NS
PGK1,0.0655159719148256,NS
ATP6V1E1,0.0655269780357022,NS
FAM222A,0.0660689430450539,NS
SUMO1,0.0665061143357932,NS
PREPL,0.0670890140070239,NS
NOLC1,0.0673144872801467,NS
KLHDC10,0.067981001952853,NS
PUM2,0.0685843344766795,NS
KALRN,0.0686541132073544,NS
VEGFB,0.0688373936460177,NS
HSP90AA1,0.0696059478613008,NS
SCN3B,0.0696604494719362,NS
ZFAND6,0.0699091744930594,NS
LDLRAD3,0.0701766741014101,NS
PPP1R11,0.0704236304601883,NS
MAP3K9,0.0704276210308729,NS
ZDHHC9,0.0709948462429601,NS
TAB2,0.0719908395846808,NS
PKIB,0.072178749582351,NS
YY1,0.0733915767558274,NS
INSIG1,0.0734514171096495,NS
DNAJA1,0.073859321095438,NS
SUGP2,0.0739524860623454,NS
RNF44,0.073989734547533,NS
TENT4A,0.0740861973337259,NS
CCND2,0.0745766638118399,NS
YWHAQ,0.0746856125645207,NS
RTN1,0.0751944833364714,NS
NFASC,0.0752822697436612,NS
ATP8A2,0.0753240537189415,NS
ARHGEF12,0.0764443775341688,NS
TMEM230,0.0767480164784405,NS
SNX3,0.076883018455826,NS
LRP8,0.0769984352605717,NS
VAT1,0.077016474590483,NS
BAG4,0.0775297222838813,NS
ABHD2,0.0777296344029017,NS
HNRNPA3,0.078614490296091,NS
KCNB1,0.0788893757808988,NS
TMEM245,0.0789097961798727,NS
FMR1,0.0789495382653307,NS
CNR1,0.0796217273740485,NS
YKT6,0.0797550402849212,NS
NEFL,0.0799812525965007,NS
ONECUT1,0.0800131701472255,NS
HNRNPA1,0.0801528767263778,NS
NAPB,0.080446357570962,NS
XPOT,0.0810052320119468,NS
PCP4,0.0812943432850055,NS
DNM1,0.0816827012459306,NS
ZDBF2,0.0822871187623373,NS
PKM,0.0836891674620195,NS
TUBA1A,0.0853585293065756,NS
PRDX3,0.0856934460696346,NS
SNRPB2,0.0857024535969524,NS
CCDC6,0.0870944425129685,NS
FGF13,0.087474069657906,NS
YARS1,0.0877086790772061,NS
SPTAN1,0.0881247865746875,NS
TMEM65,0.0883151331080013,NS
CNST,0.0887399639137846,NS
USP31,0.088976387312772,NS
CD24,0.0889833558846484,NS
ARL4C,0.0901743854860979,NS
TMEM41B,0.0912400520720123,NS
WDFY1,0.0916757134495846,NS
H1-0,0.0925363086199327,NS
ONECUT3,0.0925863189310495,NS
BRWD3,0.092634901749194,NS
PAPPA,0.0926990220238339,NS
GNAS,0.093417581404605,NS
SLC24A2,0.0935826108844785,NS
PSAT1,0.094861495029436,NS
TTC3,0.0950730827852884,NS
ATP2B1,0.0951571700848433,NS
SMC1A,0.0957846612507266,NS
DIP2B,0.096210018855705,NS
ZNF251,0.0973318863471651,NS
UBQLN2,0.0973478715862619,NS
SBNO1,0.0974392790841125,NS
RTL6,0.0977275504630493,NS
MSL1,0.0986708955653785,NS
PLCXD3,0.0986748210437308,NS
RNF11,0.0991976310803759,NS
PNMA2,0.100493193431774,NS
MLLT11,0.100562527201118,NS
PPP3CB,0.100930902615545,NS
SCOC,0.101608573960522,NS
SUN1,0.102183991529528,NS
NEDD8,0.102312116867413,NS
RND2,0.102323716919521,NS
PPP2R5C,0.103505287012243,NS
PGAP4,0.103554134822179,NS
RPL7A,0.104143200513257,NS
EPC1,0.104549734621681,NS
SSU72,0.104972105634998,NS
DKC1,0.10545947077186,NS
ERC1,0.1056529786538,NS
BRAF,0.105875606146423,NS
RBM22,0.105999040474293,NS
RAB3C,0.106928528656033,NS
ZFR,0.107017206629449,NS
MRPL20,0.107755283978812,NS
GRB2,0.108206397942271,NS
ATP6V1C1,0.108656626750004,NS
PITHD1,0.109728356736326,NS
C4orf3,0.110034034361335,NS
KPNB1,0.110145955766695,NS
PTPRA,0.110442919104661,NS
DGKI,0.111789198147516,NS
GLCCI1,0.113184480850267,NS
NSA2,0.113617014457034,NS
PTEN,0.113671703280809,NS
GOT1,0.114363663918506,NS
SELENOF,0.114630711942456,NS
TMEM30A,0.115088955379138,NS
H3-3B,0.11516508474973,NS
JUND,0.115217940572415,NS
ATF7IP,0.117054893002078,NS
POGK,0.117373199852285,NS
UGCG,0.117423225823145,NS
ELOVL6,0.119106698902556,NS
USP22,0.119191753823047,NS
SNCB,0.119360438405154,NS
RAB6B,0.119538384160761,NS
SLC35E2B,0.119633329789456,NS
SLC23A2,0.119761882647463,NS
APLP1,0.120278892461741,NS
RSF1,0.120529330720197,NS
LIN7C,0.120742010701504,NS
SLC9A6,0.120998009121824,NS
SERPINB9,0.121155475159823,NS
SF3A2,0.12119732285086,NS
CALM2,0.121235657097264,NS
MBOAT2,0.121798245949202,NS
PCNP,0.122182548931488,NS
UFC1,0.122480862268519,NS
GRIN3A,0.12258943957771,NS
WASF1,0.122983296669841,NS
FAM222B,0.122994443724669,NS
STX7,0.123469703438917,NS
HMGA1,0.12465167139128,NS
SUMO2,0.125076740790573,NS
CPLX2,0.125338811938679,NS
DCK,0.125445764632776,NS
AGTPBP1,0.125542780501748,NS
PDE10A,0.125917160612779,NS
C19orf12,0.125942567845489,NS
MTFR1L,0.126207591488341,NS
IPO7,0.126371795580544,NS
SCD5,0.1265782628189,NS
USP11,0.126657836880696,NS
DUSP26,0.12671076921282,NS
APC,0.128562355076356,NS
CLIC4,0.129027474826918,NS
RAP2A,0.131133019410617,NS
CAPNS1,0.1316372130867,NS
KCTD12,0.133050391397121,NS
ERP44,0.133193591710629,NS
SNRK,0.133530478745746,NS
SMARCA5,0.133599838127993,NS
MTHFD2,0.135179887709258,NS
PANX1,0.13536449713127,NS
LRPPRC,0.135371176425139,NS
OLFM3,0.135874640872553,NS
ZMIZ1,0.136115393759699,NS
SCRN1,0.137708483089333,NS
MPRIP,0.138301244549582,NS
KPNA4,0.138808952459194,NS
SVOP,0.139345242491472,NS
ILF2,0.140187485262126,NS
SCD,0.140317809389746,NS
SH3BGRL,0.140713621748502,NS
SNAP25,0.141039029886199,NS
PITPNB,0.141196933290769,NS
ZNF586,0.142279656396208,NS
NTRK2,0.143038172584248,NS
UBE2R2,0.144032192279888,NS
TMED2,0.14419160618196,NS
AGO4,0.144385798617871,NS
SLIT3,0.144719778656983,NS
HSPA12A,0.144783832373112,NS
ST3GAL1,0.145109326827165,NS
FAM220A,0.146217695261785,NS
ATRX,0.146515197655859,NS
PIK3R1,0.146869212624243,NS
FAM8A1,0.147010198239461,NS
PPCS,0.147344639861618,NS
CCNT1,0.147423050033762,NS
CCDC117,0.147459105795867,NS
DHDDS,0.148675978369065,NS
PKIA,0.148758575602745,NS
RPL19,0.149455972011883,NS
SORT1,0.149461649074486,NS
VAPB,0.149491577595454,NS
NCOA1,0.149775516565743,NS
SPRED2,0.149925363319906,NS
GSPT1,0.150461060832329,NS
TXNRD1,0.15098195016543,NS
HMGCS1,0.151336203021641,NS
CYTH2,0.151610626039887,NS
VEGFA,0.153228566816564,NS
LPGAT1,0.153234378526406,NS
QPRT,0.15354138992539,NS
GNA12,0.154424294865338,NS
NDRG3,0.156630427591899,NS
ARFGEF3,0.156789017098491,NS
TMEM181,0.160033789910472,NS
CLASP1,0.160366032975179,NS
TPM3,0.160420704251227,NS
PFN2,0.161004101283331,NS
NUDCD3,0.161318315683335,NS
GRK3,0.162092066254911,NS
LAMTOR3,0.162506605130127,NS
LSAMP,0.162559407392026,NS
PLD3,0.162808508348708,NS
TSC22D1,0.162937619976837,NS
LMO4,0.162959786932098,NS
PSMB7,0.163866409527916,NS
ACTR3,0.163904579176662,NS
TMEM33,0.166505954716288,NS
TTC19,0.167460189572209,NS
IFNAR1,0.167950568516556,NS
B4GAT1,0.169013151992605,NS
NUP50,0.169212285537072,NS
RNF150,0.169392062851827,NS
KIF1A,0.170841913676936,NS
ELAVL3,0.170901301466557,NS
EBF1,0.171079232245345,NS
TOX4,0.171165013919478,NS
MAPK1IP1L,0.172615517527913,NS
RSBN1,0.172921444991899,NS
UBE2G2,0.173264945072391,NS
RIMS4,0.173403389964441,NS
CRK,0.173838322126236,NS
PELI2,0.174055077763432,NS
SLIT2,0.174166946195927,NS
SREBF2,0.174479598197514,NS
JPT2,0.174644408657448,NS
TIMM23,0.175651964449168,NS
STRADB,0.176662393679244,NS
RND3,0.17766262774234,NS
NCOA2,0.17831346494169,NS
GPATCH2L,0.178678390275485,NS
SMARCAD1,0.178884133965023,NS
PAK3,0.178996684756668,NS
SPECC1L,0.179034843328609,NS
FRRS1L,0.179777118737743,NS
TGOLN2,0.17990688946523,NS
C16orf72,0.181048592490914,NS
NKAPD1,0.18122980109089,NS
HNRNPC,0.181586341867249,NS
MGAT3,0.181868090793279,NS
GABARAP,0.182738953833525,NS
JPT1,0.18285304914535,NS
DOK6,0.183179399343754,NS
EIF4A2,0.183958058137487,NS
TTC7B,0.185155581209155,NS
ABLIM3,0.185192846267714,NS
SIAH2,0.185519998142762,NS
MED28,0.185637812928373,NS
GDI1,0.187213898753893,NS
TNKS,0.188206602191737,NS
PKIG,0.189939018974986,NS
CHTOP,0.192229031360494,NS
FKBP1A,0.19255391566761,NS
RCAN1,0.193828902496883,NS
SNN,0.194410672033336,NS
VMA21,0.194585602901538,NS
ATAD1,0.195107313705257,NS
BPNT2,0.195272322787778,NS
UBE2J1,0.195406415410458,NS
KLF13,0.196551892731309,NS
NOP10,0.198356777704171,NS
SF3B1,0.19850339559872,NS
FKBP1B,0.199330768203885,NS
HSP90AB1,0.199353545079697,NS
BASP1,0.200719464149082,NS
HEXIM1,0.204467063086021,NS
RNF41,0.205051719301124,NS
ZDHHC5,0.205787201582305,NS
RPL23A,0.206173224331972,NS
PAFAH1B1,0.208580179450623,NS
DPY19L3,0.209124371695163,NS
KIF2A,0.209193135979988,NS
ZNF697,0.210140414029057,NS
SS18L1,0.210932667059476,NS
MACROH2A1,0.212790187769989,NS
SRP9,0.216663520803988,NS
RPRM,0.216981291642676,NS
MED29,0.218366140884338,NS
SMARCD1,0.220753862623743,NS
PSMF1,0.221019873080429,NS
ARNT,0.221720995158812,NS
SCARB2,0.221935143595708,NS
FZD7,0.22216602955268,NS
TAF9B,0.222171282909046,NS
KIF3A,0.223148167841084,NS
MACF1,0.226140316035082,NS
ABLIM2,0.228078614958688,NS
RNF38,0.22953817595252,NS
BMERB1,0.229551959526254,NS
PACS2,0.230916981812535,NS
CSDE1,0.232040566799552,NS
CD276,0.232206631962634,NS
RBM3,0.232723580690731,NS
SNU13,0.233394394066805,NS
ZNF189,0.238118310955652,NS
EIF4H,0.238648803476539,NS
MMADHC,0.240182086407696,NS
MIB1,0.240233221377902,NS
MRPS14,0.240429626611019,NS
GPRIN3,0.241028976440207,NS
YIPF5,0.241661802963428,NS
WDR37,0.249110194815788,NS
ATP6AP1,0.249182398340217,NS
B4GALNT1,0.249288494828353,NS
PHB2,0.249469026651164,NS
PITPNC1,0.250212015787308,Lengthened in Neurites
MTURN,0.250354852921612,Lengthened in Neurites
SMIM13,0.251000979470051,Lengthened in Neurites
SLC38A2,0.252513291540444,Lengthened in Neurites
MORF4L2,0.253489728613845,Lengthened in Neurites
SLC39A6,0.254631040060896,Lengthened in Neurites
DCBLD2,0.255805122599905,Lengthened in Neurites
CLSTN1,0.256863878934651,Lengthened in Neurites
ELMOD2,0.264669809655007,Lengthened in Neurites
ADGRL1,0.265389240184011,Lengthened in Neurites
CTBP2,0.268589302361486,Lengthened in Neurites
RABEP1,0.26937316523785,Lengthened in Neurites
JAKMIP2,0.269445108724227,Lengthened in Neurites
MINDY3,0.270545285233982,Lengthened in Neurites
OAT,0.272160577240542,Lengthened in Neurites
RAB22A,0.274479165228052,Lengthened in Neurites
TNRC6C,0.274894988241294,Lengthened in Neurites
UNC13B,0.275844965728278,Lengthened in Neurites
PPP1R2,0.276330505109602,Lengthened in Neurites
RAB1A,0.277326996222602,Lengthened in Neurites
ZMAT2,0.277830511362203,Lengthened in Neurites
JPH3,0.27852079798527,Lengthened in Neurites
BACE1,0.279535519712746,Lengthened in Neurites
AHCYL1,0.280561676900954,Lengthened in Neurites
XPO7,0.280714123207164,Lengthened in Neurites
BRINP1,0.281788373184017,Lengthened in Neurites
SNCA,0.283335243920514,Lengthened in Neurites
DMWD,0.284237690324304,Lengthened in Neurites
PTPRN2,0.285704283739101,Lengthened in Neurites
SLC35B4,0.286153358694493,Lengthened in Neurites
DNAJB9,0.286544723520328,Lengthened in Neurites
SIGMAR1,0.28681073793031,Lengthened in Neurites
DHCR24,0.286828295181463,Lengthened in Neurites
NSD1,0.286963175911924,Lengthened in Neurites
AHCY,0.287399045045035,Lengthened in Neurites
IGSF9B,0.287486647277447,Lengthened in Neurites
NUFIP2,0.288880183871566,Lengthened in Neurites
ZNF791,0.289452297407835,Lengthened in Neurites
CTNNB1,0.29080891585983,Lengthened in Neurites
VPS26A,0.292042162421203,Lengthened in Neurites
RIMS3,0.292216841703843,Lengthened in Neurites
USP9X,0.292465130757476,Lengthened in Neurites
PRPF38A,0.295565114922225,Lengthened in Neurites
RC3H2,0.295967873238047,Lengthened in Neurites
PAICS,0.296787337689779,Lengthened in Neurites
SRSF7,0.296791248568081,Lengthened in Neurites
CIAO1,0.298256035925961,Lengthened in Neurites
MAP2K4,0.299727098730715,Lengthened in Neurites
PSMD11,0.300392894161691,Lengthened in Neurites
PTGES3,0.303012898418134,Lengthened in Neurites
P2RX3,0.303243733341416,Lengthened in Neurites
CXXC4,0.309192853498839,Lengthened in Neurites
CBL,0.310082773959564,Lengthened in Neurites
ARPC5L,0.311051383976013,Lengthened in Neurites
EIF1B,0.312973588833852,Lengthened in Neurites
PDP1,0.313490321192815,Lengthened in Neurites
VTA1,0.316193172505781,Lengthened in Neurites
PXDN,0.32198895936863,Lengthened in Neurites
ELP1,0.325401345617764,Lengthened in Neurites
ZNF462,0.325461118740352,Lengthened in Neurites
PTTG1IP,0.32966932098862,Lengthened in Neurites
NR2C2,0.331195612964361,Lengthened in Neurites
PTAR1,0.33677644559324,Lengthened in Neurites
SLC1A2,0.338537604395187,Lengthened in Neurites
DDX19B,0.340555593061916,Lengthened in Neurites
PEX5L,0.352487841442197,Lengthened in Neurites
TTYH3,0.352624686138065,Lengthened in Neurites
TMCO1,0.35594981772398,Lengthened in Neurites
VASH2,0.358468291829878,Lengthened in Neurites
NIPSNAP1,0.359439471151011,Lengthened in Neurites
RBM12,0.363820654361945,Lengthened in Neurites
SIK2,0.366755379283598,Lengthened in Neurites
RSL24D1,0.367444357851866,Lengthened in Neurites
KARS1,0.372806023981938,Lengthened in Neurites
ARMCX1,0.374225587464993,Lengthened in Neurites
RFK,0.377045170223371,Lengthened in Neurites
GPT2,0.378218710378736,Lengthened in Neurites
MAPRE3,0.381775795116054,Lengthened in Neurites
SPPL3,0.385203132494903,Lengthened in Neurites
NOVA1,0.386357473054474,Lengthened in Neurites
CAMK2D,0.390510155919512,Lengthened in Neurites
IRF2BP2,0.392123149867081,Lengthened in Neurites
TFRC,0.393972639081475,Lengthened in Neurites
CTNND2,0.403187754290373,Lengthened in Neurites
CCNT2,0.405209167447895,Lengthened in Neurites
TAGLN3,0.406164369920049,Lengthened in Neurites
ATXN7L3B,0.407179957812447,Lengthened in Neurites
SYNGAP1,0.407200139166363,Lengthened in Neurites
HIC2,0.409584325657989,Lengthened in Neurites
PLCL1,0.410420299562622,Lengthened in Neurites
ELOC,0.410799964896514,Lengthened in Neurites
SECISBP2L,0.415289978767458,Lengthened in Neurites
CPE,0.41639039572371,Lengthened in Neurites
ADIPOR2,0.420848938531403,Lengthened in Neurites
COL6A1,0.422076770740423,Lengthened in Neurites
SESTD1,0.424480800076284,Lengthened in Neurites
SSBP3,0.432030426064592,Lengthened in Neurites
GAREM1,0.433699217792613,Lengthened in Neurites
RNPS1,0.444790791632076,Lengthened in Neurites
LASP1,0.450709781985393,Lengthened in Neurites
BACH2,0.454788986035313,Lengthened in Neurites
TPM1,0.456365411018054,Lengthened in Neurites
STAU1,0.495099293825075,Lengthened in Neurites
CENPV,0.502136472978891,Lengthened in Neurites
IRS2,0.508754355507014,Lengthened in Neurites
DAP,0.51226706395188,Lengthened in Neurites
ARPC1A,0.557569919929871,Lengthened in Neurites
CD164,0.558665239888084,Lengthened in Neurites
BMI1,0.560593066007266,Lengthened in Neurites
ADGRL3,0.593789624321497,Lengthened in Neurites
GPM6B,0.627621606504283,Lengthened in Neurites
IRGQ,0.657096334732723,Lengthened in Neurites
GPM6A,0.688783252605755,Lengthened in Neurites
