rank,PG.Genes,row_mean.HN_H
1,ARF4,44834.82422
2,MRPS28,43371.5503
3,ATG7,24219.95508
4,PGD,22075.03882
5,RABL6,21381.90698
6,GTPBP6,17732.02441
7,BAG6,16880.52051
8,IBA57,15324.9386
9,ATP6V1C1,14543.4231
10,BSG,12840.20947
11,KLC2,12831.60257
12,WDR45,12441.91009
13,HDAC11,12333.54089
14,CHD2,12313.20508
15,FGFR1OP2,11645.24976
16,CKB,9668.639374
17,VPS18,9282.661316
18,SLC26A6,8597.587726
19,KYAT1,8487.656616
20,NEDD8,8334.387533
21,TMEM70,7880.978516
22,SYMPK,7854.43917
23,GSTO1,7833.679077
24,ANXA6,7586.86792
25,BRK1,7045.692688
26,ATP5F1A,6718.310669
27,ACTR3,6694.455201
28,LSM3,6593.797119
29,SLC38A7,6499.707825
30,DBT,6476.701904
31,TUBB,6458.711914
32,TIMM29,6267.715454
33,CYRIA,6097.968933
34,EEF1A1,6086.811645
35,PRKCG,5892.395928
36,FBXO21,5813.997377
37,ADK,5655.000563
38,ZFYVE1,5497.399109
39,PPP1CA,5412.273682
40,GNAZ,5326.126312
41,MFSD10,5290.549347
42,RTN4,5128.163696
43,CUL4A,5091.867471
44,MRS2,4888.106751
45,RPS15A,4871.043335
46,ATG5,4779.411804
47,NOB1,4731.511536
48,EIF3F,4690.789368
49,SCG3,4518.299744
50,MAPT,4411.495079
51,THNSL1,4408.545105
52,RAP1A,4402.258896
53,DMWD,4353.40802
54,GBA,4329.571228
55,KRIT1,4104.415772
56,MPP6,4089.086914
57,SNX6,4065.758881
58,SLC25A26,4027.827799
59,CALR,4004.447571
60,WIZ,3881.209473
61,H2BC20P;H2BC19P,3866.159424
62,CD151,3848.985993
63,RABEPK,3848.922165
64,ADGRL2,3771.348877
65,MRPS33,3726.833601
66,FAF2,3726.117859
67,CACNB3,3724.223725
68,DLAT,3709.632446
69,APRT,3698.677063
70,HARS1,3679.80719
71,DNAJC7,3651.268433
72,NDUFV1,3615.013062
73,MFN1,3609.243958
74,PRKCSH,3604.055419
75,GOLGA7,3547.381195
76,IDH3A,3486.919312
77,ARFGEF3,3441.790405
78,ZNF571,3355.924866
79,RTCB,3351.5401
80,PPIB,3336.719177
81,DHCR24,3331.786316
82,NAA25,3291.828613
83,METTL9,3216.961792
84,MRPS31,3171.365692
85,SPRYD3,3161.648193
86,NPTX2,3154.535446
87,KCND2,3130.534202
88,LSS,3119.942047
89,TENM4,3118.028229
90,STMN2,3105.361267
91,SBF2,3083.278565
92,IQSEC2,3020.872241
93,RNF150,3015.756246
94,CDK14,2986.24646
95,OGDHL,2956.976868
96,ARF5,2949.131348
97,DYNC1LI1,2948.37796
98,FDPS,2928.852234
99,MAPK8IP2,2925.746765
100,NTRK3,2921.659872
101,MCTS1,2920.519837
102,VIPAS39,2878.366302
103,SURF1,2875.07431
104,ENO3,2852.202057
105,EIF4H,2838.802765
106,COPB2,2768.493149
107,GNA12,2759.566081
108,DUSP12,2655.529358
109,MPP2,2648.281952
110,SRP19,2647.353775
111,TSC22D4,2646.153107
112,HTR7,2645.872477
113,PLPPR4,2626.354845
114,NAV3,2593.802735
115,SCAMP3,2581.895691
116,MRPL58,2557.123902
117,LMF1,2544.891749
118,LIPE,2519.669396
119,CTNNA2,2479.314728
120,SLC4A7,2381.930909
121,AUH,2350.741547
122,TRAPPC2L,2337.752772
123,PRKAB1,2310.607159
124,AP4S1,2259.259308
125,NDUFC2,2233.428833
126,SLC25A11,2230.998291
127,PCDHGB2,2230.862457
128,GLRX2,2225.200643
129,PARD6A,2204.601522
130,ARHGEF12,2197.66275
131,SCP2,2197.616735
132,CAP1,2197.512665
133,UCKL1,2195.499797
134,RAB18,2176.765564
135,POR,2168.069023
136,BLMH,2157.532806
137,CACYBP,2136.155304
138,MRPL48,2125.780014
139,VAV2,2120.730964
140,CLSTN1,2118.881201
141,CERS2,2101.359782
142,COX11,2093.358383
143,SRP14,2073.450928
144,NAXD,2059.325104
145,MAL2,2051.237015
146,MRPS12,2043.342468
147,DYNC1I1,2030.120163
148,PARP4,2013.061951
149,MSMO1,1998.942017
150,SH3GL2,1975.744278
151,SLC25A22,1973.622208
152,MFF,1961.934296
153,DHCR7,1959.975739
154,PARK7,1944.167343
155,MAP4K4,1929.115875
156,HSPE1,1902.430908
157,LRP11,1889.15979
158,SLC39A6,1863.246385
159,SORT1,1860.890762
160,PEBP1,1844.711151
161,UBE3C,1838.272751
162,SLC44A2,1807.570526
163,MRM2,1802.820984
164,VPS29,1798.003052
165,FAM157B,1773.49149
166,ATL2,1757.369003
167,SNRNP200,1755.819891
168,EPN1,1746.111435
169,PSMD6,1746.069061
170,SLC7A5,1732.686849
171,TMLHE,1732.259827
172,MT-CYB,1727.910889
173,SLC25A46,1721.853367
174,ATPAF1,1716.639954
175,PGS1,1704.240112
176,TPM3,1690.642273
177,SRSF1,1685.730407
178,MRPL38,1678.648163
179,GANAB,1665.800141
180,BTF3L4,1638.169561
181,LARS1,1630.571693
182,GLO1,1627.77208
183,ARF3;ARF1,1627.130768
184,PDCL3,1619.837799
185,PLIN3,1613.591278
186,TPP2,1605.936127
187,BPGM,1601.72113
188,ECI2,1592.807467
189,SLC25A20,1592.384857
190,PTPRD,1562.551636
191,MAGI3,1558.50769
192,KBTBD2,1557.77124
193,GFM1,1548.111038
194,MYG1,1548.104034
195,CPEB3,1510.458069
196,KPNB1,1507.832611
197,FAIM,1504.901204
198,MYADM,1501.554352
199,PLGRKT,1496.029389
200,RELCH,1494.310242
201,SNX15,1493.858399
202,SLC39A11,1492.962082
203,PPP2R1A,1491.735062
204,FBXW9,1472.226868
205,CLN3,1461.226929
206,TRAF6,1459.319893
207,SRPRA,1458.777389
208,IDS,1454.086548
209,CRABP2,1453.617584
210,IMMT,1424.854035
211,G6PD,1424.13237
212,TMCO1,1419.445862
213,COPA,1418.5979
214,TAB2,1400.591629
215,MRPL57,1391.921913
216,VPS52,1378.229647
217,ABCD3,1375.50235
218,ACACA,1375.074982
219,CERS1,1373.396439
220,FBXO42,1366.236206
221,IDH2,1360.601288
222,AHCY,1360.194321
223,KCNAB2,1357.0566
224,MFHAS1,1338.536133
225,CLVS1,1322.42276
226,LUC7L2,1318.375626
227,EIF4G2,1317.416138
228,NRN1,1314.984711
229,NCALD,1305.044319
230,APMAP,1300.493393
231,APBB3,1294.767914
232,TMED8,1293.243423
233,IGFBPL1,1292.973877
234,P2RX3,1291.846741
235,APLP1,1291.205994
236,CNNM4,1280.292877
237,FAM13C,1278.07725
238,H2BC5;H2BC4;H2BC18;H2BC9;H2BC15;H2BC14,1270.699997
239,DIP2C,1260.338234
240,NDUFA10,1258.137237
241,DDX3X,1252.771591
242,ARMCX2,1247.822159
243,MLYCD,1247.440023
244,RRAGC,1240.937012
245,PAK2,1238.37944
246,EHD3,1229.001205
247,MRPL28,1224.425815
248,RPS27A,1221.330688
249,FASN,1218.832092
250,MSRA,1218.36525
251,SGSM2,1217.4493
252,TUBB4B,1216.650543
253,GNL1,1207.033661
254,SELENOF,1195.434243
255,IMPDH1,1193.064682
256,PTGR1,1191.107483
257,MRTFA,1189.317398
258,ACOT1,1185.869904
259,VWA5B2,1181.143654
260,GSTA4,1180.524681
261,FBXO3,1178.702718
262,IER3IP1,1169.537883
263,IGBP1,1166.797607
264,CSNK1G1,1165.337927
265,CRTC1,1158.920868
266,PHGDH,1154.93074
267,MRI1,1154.625738
268,TOP2A,1153.719818
269,VCP,1152.273987
270,ASPHD2,1149.493546
271,SLC1A1,1148.676834
272,ALG11,1143.850861
273,VAMP3,1142.752401
274,VPS35L,1139.58699
275,DYNLL1,1136.328858
276,ZYG11B,1134.722496
277,DYNLL2,1134.342018
278,CYC1,1131.090179
279,ABHD14B,1127.484711
280,PYGL,1119.192253
281,KIFBP,1119.132935
282,FKBP2,1115.881495
283,C12orf45,1114.54187
284,CYB5R2,1099.00591
285,ME1,1098.666244
286,GABRB3,1097.986053
287,FZD7,1097.229269
288,STMN3,1085.060959
289,SARAF,1081.03537
290,GPR158,1073.667053
291,CAMLG,1069.65654
292,ADCK5,1068.28392
293,PCCA,1067.323883
294,CPNE2,1065.385521
295,PANX1,1062.130112
296,P4HB,1060.026619
297,PCYT1B,1059.329285
298,HLTF,1053.805565
299,SALL3,1050.506668
300,PELI2,1043.73745
301,RMND1,1040.662609
302,THAP4,1029.804138
303,ERF,1026.185252
304,LONRF2,1022.632642
305,SLC4A3,1017.995262
306,RAI14,1015.973393
307,OSBPL8,1015.492317
308,COMT,1010.920212
309,TOMM22,1006.883726
310,DPYSL5,1004.912796
311,STX16,1003.11647
312,OTUB1,1001.232681
313,TSC22D1,999.1132393
314,METTL21A,995.1945598
315,ACTB,989.9890138
316,TMX4,989.9258347
317,KCNA2,986.1704483
318,FIBP,982.6465454
319,IGLON5,974.7892913
320,RAB3GAP2,973.0741425
321,SNAP25,971.3362884
322,CNTN1,970.9215317
323,CAPN1,969.069931
324,ABAT,966.9217378
325,KIDINS220,964.8463135
326,KIF1A,959.431015
327,AMFR,958.6501618
328,RETREG3,954.0950469
329,SLC37A3,948.9793702
330,SLC25A29,945.3038637
331,EFR3B,944.4291724
332,CHMP6,939.0592728
333,CBSL;CBS,935.0570373
334,PEX5L,929.9490604
335,BPNT1,924.0906982
336,ASPM,916.7921601
337,TSN,914.8477249
338,DCDC1,912.8722942
339,RACK1,909.9304656
340,TMEM132A,906.9180602
341,DRG1,905.044098
342,DENND4A,903.5341391
343,EARS2,902.625412
344,ACADSB,900.3377382
345,NUDT2,898.0621186
346,HNRNPUL2,897.915619
347,MTHFD2,892.3438416
348,SPAG9,886.799179
349,PCSK2,883.0799256
350,DAD1,874.8070069
351,DNM2,873.8597869
352,MYO1B,872.1991331
353,ARL8B,871.1004561
354,SEC23IP,870.1076203
355,MRPS25,868.2771581
356,RPA2,864.5974654
357,TMEM259,864.4363557
358,EZR,864.3686104
359,HAGH,864.2223816
360,PDXK,859.7904459
361,SLC35F6,858.8577861
362,PEX11B,856.7412263
363,DOCK7,856.6956025
364,LEMD2,845.3764803
365,NACA,842.4866791
366,POLR1C,842.4134445
367,EXOC1,841.8919829
368,MCAM,841.4208984
369,ECHS1,838.8916016
370,NEK1,838.5847575
371,ELP1,836.480194
372,CHMP7,836.2082367
373,EIF4ENIF1,835.6958619
374,RALGAPA2,833.4107767
375,ACTL6B,828.3185121
376,SLC25A33,828.1154785
377,UNC119B,828.0967789
378,XPO1,824.7209702
379,GSTK1,822.8479589
380,RIMS1,822.0704651
381,PFKL,821.8455581
382,NME2,817.9787292
383,LYPD1,817.6467081
384,CAPG,812.388874
385,GIPC1,812.0375366
386,RPL7L1,811.9014283
387,GPC4,811.3777544
388,YARS1,810.1735191
389,STRN4,807.7525025
390,STIP1,806.2276101
391,MRPS15,805.7210693
392,PFKFB2,805.4247895
393,PLPPR3,796.8538819
394,RAB11A,794.7550049
395,SEMA4C,793.8179399
396,EIF2S3,788.9551506
397,CRK,783.1402435
398,ABHD5,782.846344
399,SHMT2,776.9230347
400,SEC11A,775.5797577
401,WNK1,773.8288041
402,DNAJC13,773.2821273
403,FAM117B,772.7888184
404,TMED9,770.0534209
405,GCLC,769.6969425
406,UCHL1,768.8539581
407,EML1,768.2823258
408,WDR13,767.4445457
409,BAG2,765.344635
410,TYW5,759.5109519
411,RNASEH2C,759.0968425
412,PSMB5,758.7853012
413,TRAPPC13,757.8385124
414,LRPAP1,756.0335198
415,TUFM,755.3086242
416,LRFN1,752.3910522
417,OGA,751.6644058
418,LRRC47,748.8759308
419,UBE2V1,748.8634339
420,CMC1,748.6104177
421,CTDNEP1,744.6399
422,ATPAF2,738.2269211
423,PTPRN2,738.0612107
424,MAPK15,737.545868
425,PGK1,735.4285278
426,UBE2K,728.5941467
427,TLN2,727.9992523
428,SART3,727.5885905
429,MRPL2,726.4268723
430,GABARAPL2,726.2434845
431,EPHX1,725.7814331
432,AJM1,722.5058595
433,XRN1,721.5534973
434,NECTIN2,719.8166351
435,VPS4A,719.4635925
436,ABLIM2,717.120369
437,MAGEA4,716.3221741
438,ARHGEF40,716.12426
439,BLVRA,714.8129425
440,NUMBL,710.2546082
441,CCDC22,709.4867803
442,TBC1D5,707.0354118
443,RAB6B,705.8588334
444,SEZ6L2,705.395874
445,ATP1A2,704.2309493
446,TXLNA,702.9826965
447,BMERB1,702.9544373
448,DHX30,702.9243622
449,UBE2G2,699.7070516
450,PTPN12,699.3988266
451,NAA80,695.9114838
452,PI4KA,695.4046555
453,PDF,690.3870601
454,FER,690.3218231
455,HSPA13,690.1244583
456,LRFN4,688.4802819
457,HIKESHI,687.0991974
458,PITPNB,685.8036481
459,TXLNG,684.2362765
460,GMFB,683.0935288
461,AGPAT3,681.3760146
462,ERG28,680.7612381
463,EMC8,680.4663924
464,OXR1,679.830059
465,FAM98A,679.5717316
466,C16orf70,679.0546417
467,DGKA,678.8056793
468,LDHB,676.1506118
469,VAT1L,675.8966065
470,RPAP1,675.6014404
471,EEF1B2,674.5721283
472,PHACTR1,673.1026917
473,REEP1,673.0471089
474,VTI1B,671.3383075
475,SEC16A,669.1985575
476,GSPT2,665.9440307
477,PDE1C,663.4602127
478,SDF2,663.0180461
479,CFAP298,662.4447975
480,NAA35,661.7155558
481,RAB5A,658.2048187
482,ARSB,655.5891061
483,KRT19,655.0781689
484,CNOT3,654.4787596
485,CHD8,651.207672
486,MTMR9,651.0133706
487,SPTLC2,648.8648338
488,ADAP1,648.1329593
489,ZDHHC14,647.1469498
490,ADCY1,646.7084274
491,PCDHB5,646.0645791
492,BPHL,645.9541855
493,CPT1C,645.2557577
494,ESD,641.6749726
495,NME2P1,639.2457399
496,SPCS2,635.7637482
497,PIGT,632.6893234
498,CACNG8,630.1213588
499,VCPIP1,629.6535415
500,PIGS,629.0114174
501,TMEFF2,628.7395325
502,PRTFDC1,627.1115799
503,TTC9C,627.0329971
504,PRKAA1,623.4525223
505,PMPCA,622.6622772
506,PTPRO,621.8573685
507,RPLP0,621.107193
508,PAG1,619.0058136
509,IMPDH2,616.0127105
510,FTSJ1,615.36586
511,IGF2R,613.6767731
512,PEPD,613.6128998
513,VAPB,613.4255219
514,TRIM36,613.0950978
515,KCNB2,611.3346409
516,TP53BP2,610.2940617
517,RAB4A,609.8117447
518,FBL,609.6001943
519,HAX1,609.4812515
520,HSD17B12,608.4943009
521,AARSD1,608.227356
522,TM9SF2,606.7958985
523,SNX5,605.9237385
524,EIF2AK4,605.8477987
525,UQCRQ,604.50383
526,EML5,603.7092896
527,TMEM126A,602.2533264
528,TMEM128,601.578064
529,TMOD3,599.1857605
530,ATP6V1H,598.9708939
531,DGKE,597.6556626
532,SLC25A6,597.4320193
533,TBC1D9,597.1195324
534,SARS2,593.1996689
535,CAPN2,591.2606964
536,DCUN1D3,590.9623146
537,KCNC1,589.99779
538,DAGLB,586.0171661
539,STK39,585.0080719
540,NECTIN1,582.5105286
541,AHCYL1,581.8890381
542,SORBS2,580.8566361
543,ITM2C,577.57584
544,AP4B1,573.5752144
545,AP3M2,572.4556096
546,PDCD5,570.8832521
547,MAP1A,569.7224006
548,RPL13A,568.352911
549,FN3K,567.8684158
550,PPP2CB,567.3109436
551,ADGRG1,565.2315216
552,GNA11,564.0445251
553,MEMO1,563.306801
554,PFN1,562.595356
555,RRAS2,562.2969465
556,TTN,562.2729956
557,AKR1B1,561.37323
558,CYGB,561.2600555
559,PTPN11,560.3381197
560,SORD,559.2202759
561,ELP2,558.6417346
562,PALM3,558.2800217
563,RBSN,557.0344442
564,CTNND1,557.0217209
565,OGFR,556.9021072
566,HSP90AB1,554.524151
567,PRDX5,551.7907791
568,RIMS2,551.0650788
569,SCN2A,550.8323822
570,KLHL22,550.0463371
571,DNAJB11,549.8533783
572,GAREM2,549.7999166
573,DNAJC21,549.4632923
574,FAT1,545.6255798
575,MUC5B,545.3958728
576,CRPPA,543.996816
577,GLRX5,542.9953003
578,GNAS,542.9618607
579,PA2G4,541.7732849
580,REEP5,540.0690078
581,ACTBL2,538.4635568
582,CDC42EP4,536.617836
583,PCDHGA6,535.0987854
584,NFXL1,534.5768687
585,DYRK1A,533.3173752
586,MAT2A,533.2624512
587,PDIA4,532.3687134
588,NADK2,531.3245908
589,ETFRF1,531.0535431
590,CHMP3,530.0897016
591,FADS2,529.5751877
592,UGGT1,528.6892014
593,PYCR1,528.2054215
594,G6PC3,527.52985
595,RASA3,526.2463532
596,CCDC6,521.9124446
597,RPS6KB1,517.7626724
598,PTDSS2,517.5980911
599,STMN4,517.1175213
600,POLR2B,517.0495987
601,NAE1,516.3729859
602,PDP1,515.3320084
603,PGBD5,514.3338319
604,AARS2,514.046051
605,PCDHB2,513.7708435
606,LCLAT1,513.6125183
607,TMEM9B,511.9554978
608,AKTIP,510.6032258
609,PPP2R2D,505.4130554
610,MRPL53,504.3683701
611,MAPK3,503.9305573
612,PDAP1,503.6290741
613,LYPLA2,503.5346937
614,SPOCK3,503.3473002
615,NDUFS5,501.7371368
616,RPN1,500.848446
617,OXSM,500.6136446
618,WDR6,499.5053859
619,DHRS7,498.3574067
620,TWF2,497.7647477
621,RAB3A,497.0169449
622,TMEM245,494.3433037
623,COQ10A,492.052419
624,SERBP1,490.685374
625,TUBE1,488.9180603
626,TPP1,486.3866984
627,NCSTN,485.9009934
628,ALG10;ALG10B,485.6461678
629,DNAJC18,484.4855213
630,CPNE7,484.3234787
631,ESYT2,483.4771271
632,ECH1,483.4703102
633,RET,483.0760803
634,TBCB,482.9335499
635,BMT2,482.8349711
636,PICALM,481.7982102
637,PTK2,480.7199097
638,SEPHS2,479.9424896
639,LINGO1,479.0044174
640,ZFAND1,478.2246399
641,TARS2,478.1741587
642,ACTL6A,477.9858856
643,GMIP,477.2886581
644,FBXO7,475.9133835
645,NUMB,475.2489548
646,YIPF6,474.8477936
647,VAPA,474.8045502
648,SCN9A,473.3583908
649,GNB4,472.7769318
650,AGPAT4,472.7722931
651,TMEM222,472.018549
652,CANX,471.4738045
653,ALDH6A1,468.2967377
654,ABI2,468.2279129
655,WASF1,467.8954239
656,CASP3,467.5777664
657,VGF,467.2494202
658,PRKACG,467.1471863
659,PORCN,466.1434689
660,CCDC167,465.3539697
661,PLCXD3,465.3246021
662,EPM2AIP1,464.5711364
663,UBE2L3,464.5235367
664,SDHC,462.3000642
665,SLMAP,461.7122281
666,FSCN1,460.341713
667,CAMSAP3,460.154274
668,HSD17B10,459.6307144
669,CBLB,458.6816559
670,SH3KBP1,456.9790472
671,SLC1A4,456.7067948
672,LONP1,456.3674774
673,MAP4K3,455.7147451
674,KATNB1,455.5636927
675,KIF2A,455.4556046
676,RAB35,455.2195358
677,ACADVL,454.7594986
678,HTT,454.0568466
679,PUSL1,453.8318786
680,MPP7,453.6972637
681,HDAC6,452.309761
682,MRPL3,451.7794934
683,PHPT1,449.9962616
684,SLC25A4,449.9218903
685,SNAP47,449.8091087
686,TBCA,449.5623703
687,PAXX,449.5079918
688,EIF4G3,449.2053337
689,SYT6,448.8925858
690,TMEM120B,448.7479945
691,MRE11,448.4528605
692,EI24,447.9731903
693,SETD3,447.7752781
694,HSPA14,447.4853516
695,PSMD13,445.2271118
696,RTL8C,444.9423637
697,NCDN,444.0232391
698,NUP98,442.4964829
699,PFN2,441.3823891
700,NCAM1,441.1938019
701,PCYT2,440.3878632
702,AGO1,439.2635117
703,COX5B,438.9356289
704,RCN1,437.9928117
705,TXNL1,437.2197533
706,KIF21A,436.7546196
707,HSD17B8,434.8407059
708,EPHB2,434.4941673
709,USP8,434.4258321
710,UBTD2,434.0717144
711,RPL7A,433.8155899
712,RASAL2,433.2311611
713,FDFT1,433.1860618
714,PNP,433.1610209
715,TCP1,433.0425968
716,TMEM177,432.9570694
717,SFXN4,431.7578736
718,PMM1,431.3865547
719,PDE1B,430.2950744
720,JPT1,429.8019867
721,LAMA5,429.5674031
722,ASIC1,428.4645538
723,FLNC,428.2583999
724,AKAP12,428.0907288
725,DIS3L2,426.4463959
726,EPHX2,425.5814743
727,TRNT1,425.4641876
728,CDK18,425.3030472
729,ASMTL,425.2619515
730,RAF1,424.5632782
731,FARP1,423.9716187
732,SPOCK1,421.0621338
733,RAB3B,420.7170219
734,ANAPC7,420.4246836
735,URI1,419.5883832
736,DNAJB2,418.904438
737,PRDX4,418.8048706
738,CCDC92,417.8196335
739,VAT1,417.2761841
740,GRK6,416.2224808
741,CC2D1A,415.2917481
742,ACSL3,414.6718521
743,SEC62,414.5295308
744,ASS1,414.0595093
745,MYO1C,413.5108986
746,ACTA2,413.496315
747,EFNB1,413.3709106
748,APEH,412.6764336
749,C1orf43,412.0928695
750,RUVBL2,411.1273193
751,MBOAT2,410.8935967
752,LHFPL4,410.1593119
753,RANBP1,409.6281357
754,BCAP31,408.9065628
755,SLC9A3R2,408.0317364
756,JAM2,406.8837948
757,PPTC7,406.061465
758,TBC1D9B,406.0301132
759,NDUFAF2,403.4244232
760,CALD1,402.1440099
761,CLIP3,402.0055585
762,C2CD4C,401.5549317
763,ATP5F1B,400.955225
764,GLUL,399.5209961
765,TXN2,399.4550323
766,SAMM50,398.2019501
767,USP27X,395.8402303
768,SEPTIN10,394.8963674
769,SLC6A8,394.269989
770,CLTC,393.872715
771,FKBP3,393.5215988
772,CAD,393.2300339
773,LUZP1,389.1242486
774,ATP2B4,388.3355751
775,TRAPPC10,386.3565884
776,DGKZ,385.4223531
777,ASL,385.2192202
778,ANP32E,384.8165334
779,ARL6,383.371624
780,BAD,382.7027283
781,EXOC2,382.0612488
782,DHRS11,381.5768293
783,MPST,380.8265305
784,UBA1,380.0968
785,PALD1,379.1644382
786,RTKN,377.4956131
787,RABIF,377.2952652
788,RAB28,376.7383219
789,SNX4,376.0292244
790,CYFIP1,374.2542382
791,CLDND1,373.7935638
792,NFASC,373.6588669
793,CNTNAP5,372.3463592
794,ALKBH4,371.7929713
795,RAB2B,371.4815464
796,ALDH7A1,370.7563896
797,RFC5,370.0412674
798,COPS3,369.9735642
799,PITPNA,369.7544747
800,NEFM,368.8456421
801,LANCL1,367.7459107
802,DBN1,366.6373329
803,SNX9,366.2657929
804,NDUFA9,366.2388763
805,ARRDC1,365.9697978
806,PIGU,365.1903343
807,LPCAT4,365.1642742
808,PPP6C,365.1290359
809,COX7A2,364.2598934
810,CPE,363.9144497
811,IPO9,362.7204336
812,DPH2,362.0618277
813,ADH5,361.0627785
814,ALB,359.5754738
815,NAT14,359.5612107
816,TXNDC15,358.8238958
817,PCLO,358.6156235
818,STK38,358.5908585
819,MMUT,357.7879944
820,DYNC1I2,356.8764849
821,MRPS24,355.2063064
822,CEP131,354.961113
823,TOR1B,354.4568319
824,ALDOA,352.8652268
825,INPP4A,352.8166466
826,BRAF,352.5947952
827,VAV3,351.1273422
828,KIRREL1,350.4885216
829,CDC34,349.3253021
830,VDAC1,349.1898785
831,IDI1,349.0519648
832,NTF3,348.8909779
833,NFS1,348.1397171
834,CAPRIN1,346.4322662
835,NAA30,346.0120774
836,ZYX,345.897713
837,GMPR2,345.205719
838,PRPS1,343.7595673
839,DCAF7,343.7049573
840,LAMTOR1,340.0186462
841,PTPRK,340.0119743
842,ATP1A3,339.2865906
843,CA4,339.2425385
844,RNF25,338.8036413
845,APOE,338.7198439
846,SQLE,338.5895844
847,RCAN1,338.3686867
848,MON2,338.2575302
849,HSD17B4,338.0415869
850,PIH1D1,337.719326
851,PREPL,336.9411583
852,SEMA4D,336.4640312
853,GPC6,336.4383097
854,PLS3,336.0818596
855,RAD23B,335.4529495
856,MICAL3,335.2582016
857,CCM2,333.9510727
858,BICD2,333.8935903
859,BCAT2,333.4364586
860,WDR82,333.0762278
861,AKAP2,332.7296524
862,FXYD6,332.7168722
863,MTX3,332.7090664
864,SPRY4,332.4789319
865,MYH10,331.0095139
866,NHLRC2,330.027138
867,PRDX2,328.1404743
868,XPNPEP1,327.6175232
869,BAX,327.1987839
870,ATP5ME,327.0096003
871,EPB41L1,326.1190605
872,TDRKH,325.7840748
873,SURF4,325.4906464
874,EIF1B,325.4885331
875,H1-10,325.0019207
876,MINDY1,324.8124542
877,TRAPPC12,324.7144597
878,SFXN3,324.1940918
879,MDH1,323.876667
880,RABL3,323.2305603
881,CNN3,322.888279
882,RGS12,322.6023178
883,FASTKD5,321.9329796
884,DLG1,320.773592
885,RALB,320.4320603
886,NT5C3B,320.3457222
887,CLNS1A,320.0158863
888,ATP6V1B2,319.9007721
889,SH3PXD2B,319.7066383
890,CYB5B,319.4314372
891,NUDT11,319.2226754
892,YOD1,318.6409454
893,PCNT,318.5205383
894,GCN1,317.9459533
895,RAPGEF6,317.6792399
896,NRP2,317.5894814
897,CTTNBP2,317.1563771
898,UBFD1,315.6510035
899,EEF1E1,315.0679321
900,NAPB,315.0274925
901,ARRB2,314.5648308
902,FAM3C,314.1270141
903,SRGAP2,313.6085129
904,PPP1R13B,313.4089165
905,TMEM178A,313.2811585
906,ROR2,313.0185127
907,CDH11,312.8944728
908,ARL2,312.5660534
909,CXADR,312.5369911
910,PITHD1,311.8625755
911,MAP2K1,311.3297043
912,GNAI2,310.6989441
913,TMED5,309.6517377
914,LRRC57,308.7557983
915,MSI2,308.612676
916,ZNF638,308.0289713
917,ANXA4,307.7193279
918,NME7,307.6256771
919,DISP2,307.510746
920,ANO10,307.2437042
921,TAOK1,307.1339931
922,SLC6A9,306.5949383
923,DTX3,306.5821915
924,SCG2,306.5047989
925,ACTR3B,306.4845352
926,LIMK1,305.7581736
927,PRXL2A,305.3651781
928,MCU,305.2268791
929,NAPRT,303.054594
930,UROS,303.0111898
931,TRAPPC11,302.3984356
932,RAB1B,302.2191162
933,RUVBL1,300.872488
934,PHLDB1,300.6669388
935,OS9,300.1467381
936,DNPH1,299.7752915
937,TSNAX,299.1649208
938,STX18,298.9217033
939,KSR1,298.822525
940,TBRG4,298.6104317
941,APOO,298.3533561
942,KRT18,297.6897249
943,EFNB3,297.489034
944,CRMP1,297.1880856
945,STARD3NL,296.29481
946,SRI,296.1495571
947,NCBP2,295.3816071
948,REEP2,295.3639107
949,ATP13A1,295.0990639
950,KIF1B,295.0263392
951,XPO7,294.8549271
952,SYVN1,293.9304148
953,SOGA3,293.7852173
954,RPL9,293.4299189
955,NDUFAF3,291.951293
956,AHNAK,291.5446459
957,SLC27A3,291.1564547
958,PSPH,289.8095417
959,SNX17,289.6562246
960,GABARAPL1,289.5378628
961,OSGEP,289.0912221
962,SEMA7A,288.6401982
963,MRPL27,287.5570336
964,MAP2K6,287.4807816
965,TBCEL,287.4428685
966,SNPH,287.2842039
967,EIF4A3,287.2577953
968,BSCL2,286.759613
969,VKORC1,286.6997884
970,RABGEF1,286.6138764
971,BAIAP2,286.5353143
972,CKMT1A,286.0750332
973,AK1,285.8871326
974,STAU1,285.4942617
975,NLGN4X,282.5425224
976,EFL1,282.5172386
977,PRDM10,281.0776367
978,VPS8,280.6839581
979,NEDD4L,280.6166763
980,SHTN1,279.8570353
981,SNAP29,279.7421265
982,ATP1B2,279.6129313
983,RPL10A,279.6114159
984,SUMF2,279.5461693
985,RECQL4,279.4426146
986,FBXL20,279.3463033
987,CCDC90B,278.705986
988,FH,277.6303736
989,MRPL39,277.5369415
990,PRKAA2,276.9189453
991,DYNC1H1,276.7703056
992,MRPL1,275.9873619
993,NCK2,275.6863289
994,MRPL22,274.3590603
995,ACSS2,273.8704195
996,RAB8A,273.1228323
997,FLAD1,272.4901021
998,CLIC1,271.9111735
999,PPP5C,271.6954867
1000,PPM1H,271.6651039
1001,DAB2IP,271.4978536
1002,FNTA,271.1356087
1003,CHRNA4,270.8240636
1004,CNTNAP2,270.3625383
1005,RGL2,269.1511269
1006,FYN,269.1102702
1007,SEMA4F,268.675827
1008,RAB7A,268.5034332
1009,ATXN2L,267.227684
1010,GNPDA1,267.1647899
1011,ME3,267.0223897
1012,YWHAG,266.9723969
1013,TCAF1,266.7358551
1014,ENAH,266.3475017
1015,MT-CO2,265.7183552
1016,GHITM,265.0769958
1017,PDCL2,264.7195244
1018,SCRN2,263.9397259
1019,ACOT7,262.1282387
1020,SEPTIN2,261.9083405
1021,CNPY2,261.2672628
1022,PMM2,261.1032601
1023,EML4,260.8855362
1024,EPHA2,260.4556478
1025,ST13,260.1094322
1026,PARL,260.0518952
1027,PDK2,259.8578453
1028,RMC1,258.510222
1029,AMIGO2,258.3673782
1030,DPYSL2,258.3497162
1031,PDE6D,257.3622017
1032,PCDH7,257.1133792
1033,NUP214,256.9532661
1034,CCS,256.469347
1035,USP30,256.3945338
1036,TXNDC5,254.5352326
1037,PPM1B,253.9005699
1038,ASCC3,253.2946014
1039,GRSF1,252.7707968
1040,MTRES1,252.7093938
1041,PEG10,252.5190836
1042,VAMP2,251.7810044
1043,AP1M1,251.0454302
1044,CALB1,250.8097305
1045,TBC1D22A,249.9400838
1046,PSMA7,249.7399044
1047,SCD5,249.5282288
1048,MAPK1,249.416709
1049,RTN4IP1,249.3904395
1050,MYO6,249.2958522
1051,SNRPD2,249.1765239
1052,CCT2,249.079979
1053,PRKAG2,248.9666824
1054,PFKP,248.7628632
1055,SHROOM2,248.4901266
1056,HDLBP,248.1126239
1057,ATP2B1,247.9364968
1058,HOOK3,247.9122336
1059,AARS1,247.8976402
1060,MRPS11,247.6503086
1061,PRKAR1A,247.4332021
1062,RPTOR,246.0444285
1063,EIF1AX,245.5638199
1064,PHYHIPL,245.5057821
1065,PTPA,245.245945
1066,LIMA1,244.4408112
1067,SBDS,244.3994929
1068,FABP3,244.3821049
1069,TOM1L2,243.4239553
1070,RUFY2,243.2137998
1071,ADAM22,242.5474699
1072,SYT11,242.5055288
1073,ITPK1,242.2250214
1074,ZW10,242.0580711
1075,NDUFAF5,241.4487356
1076,CAMK2B,240.9871216
1077,STRN3,240.9611979
1078,RMDN1,240.9080302
1079,DAPK1,240.8522797
1080,UBR3,240.5316353
1081,TRRAP,240.417932
1082,NAMPT,239.8897152
1083,PLCB4,239.5625305
1084,KIF3A,239.0231752
1085,SLC39A10,238.8344231
1086,DENND4B,238.2920227
1087,CADPS,237.4953651
1088,WARS1,237.3282099
1089,AIDA,237.2963753
1090,EIF4G1,237.2248027
1091,SNRNP70,237.2127304
1092,HDDC2,236.0038757
1093,RAPH1,235.7401276
1094,ATP6V0D1,235.186854
1095,WDR77,235.126648
1096,USP22,234.4212774
1097,PEX5,233.7601547
1098,ZER1,233.6452656
1099,TTI2,233.5391731
1100,LPGAT1,233.4019292
1101,DDI2,232.7609049
1102,VPS13A,232.6910134
1103,NAA50,232.1687393
1104,MAGI2,231.9855373
1105,MIA3,231.3160985
1106,KSR2,230.7147344
1107,ARPC3,230.6423035
1108,POMK,230.6399676
1109,NDUFAF4,230.4903741
1110,EIF4E3,229.4162598
1111,SERPINI1,229.3348109
1112,ACSL1,229.1895956
1113,RPL15,228.9588242
1114,TMEM151A,228.8364029
1115,HEXA,228.7740421
1116,DDX1,228.7144547
1117,CEP170B,228.6281687
1118,ELAVL3,228.4446564
1119,SLC2A1,227.6210747
1120,PIP5K1A,227.4380398
1121,TUBA1A,227.2521534
1122,SF1,226.6798401
1123,C1QBP,226.4564228
1124,RBBP4,226.4104195
1125,PGAM5,226.0156097
1126,DLD,225.6294594
1127,PSMB7,225.2159983
1128,ELMOD2,225.159551
1129,ACVR2A,225.0445506
1130,EIF4B,224.9650402
1131,OPHN1,224.9103546
1132,PPP6R2,224.8324127
1133,ACOT9,224.0957813
1134,HM13,223.9963989
1135,RHOA,223.6367226
1136,CUL3,223.4745503
1137,CADM4,223.4039841
1138,HBD;HBB,223.0249557
1139,TRIM28,222.595664
1140,STX2,222.4701157
1141,AGPAT1,221.4585317
1142,GFOD1,221.0437078
1143,NSUN2,221.0213499
1144,TPI1,220.52742
1145,DDX42,220.4395879
1146,NLGN3,220.3804093
1147,BDH1,220.0550909
1148,AKAP10,220.0444489
1149,PIP5KL1,219.9948374
1150,TRIM71,219.9069367
1151,CDH2,219.4432907
1152,ARPC4,219.0769501
1153,SNAP91,218.4277318
1154,ACO2,218.396656
1155,MACROD1,218.3883095
1156,BCL2L13,218.2545223
1157,SYT5,218.0666605
1158,FBXL18,217.5254211
1159,MARCHF5,217.0390825
1160,FBXO30,216.9422264
1161,SLC25A15,216.8566266
1162,LGALSL,216.6663361
1163,OLFM1,215.507047
1164,NCS1,215.3494892
1165,GATM,215.2839346
1166,PGRMC1,215.2686234
1167,MTCH1,215.0306282
1168,CCDC58,214.8307781
1169,CDH13,214.5556717
1170,CADM1,214.0512218
1171,GET4,213.8087412
1172,TMEM94,213.7871976
1173,RHEB,213.4588184
1174,EDIL3,213.1011734
1175,APLP2,212.8915615
1176,PRKG1,212.6941528
1177,DLG4,212.302536
1178,MVK,212.153162
1179,SERPINB9,212.0896697
1180,SMCR8,212.089035
1181,CDH7,210.7895254
1182,SDK1,210.6244469
1183,ILVBL,210.5675634
1184,SRM,210.5455876
1185,NMT2,210.2666531
1186,PGP,210.054802
1187,KLC1,209.8761444
1188,UNG,209.7669964
1189,SUPV3L1,209.7528941
1190,FRMD4A,209.4809876
1191,TOP2B,209.3543234
1192,MAPK12,209.0227114
1193,RPL12,207.8304653
1194,PAFAH1B1,207.555275
1195,RDX,207.1886015
1196,UBE2N,206.4850655
1197,UBE2V2,206.3842468
1198,PACSIN2,206.175457
1199,SLC22A23,206.019975
1200,NUP155,205.9660899
1201,GSTZ1,205.6362457
1202,SARDH,205.6200002
1203,GRK3,205.538043
1204,APBA1,205.3896993
1205,PTEN,205.1866531
1206,RPS20,205.1587162
1207,UNC13B,205.0538063
1208,NACAD,204.5708342
1209,EPHA5,204.4262028
1210,CPNE3,204.2646232
1211,CIAO3,204.0105762
1212,PWP1,203.7340584
1213,VPS41,203.6223869
1214,IDH1,203.5770311
1215,SESTD1,203.4993954
1216,LPCAT1,202.8477292
1217,RBP1,202.8377328
1218,TTC5,202.6855316
1219,TJP1,202.4404354
1220,STK3,202.2652054
1221,SEL1L,202.2226544
1222,UBE2M,202.1203609
1223,PNPO,202.0440216
1224,SF3B3,201.9097366
1225,PIKFYVE,201.5321636
1226,BCAR1,200.5645027
1227,ZMPSTE24,200.4704809
1228,STON2,200.1494497
1229,ADAM11,199.5994282
1230,EMC1,199.5487518
1231,ARAP3,199.4079209
1232,ECHDC1,199.100008
1233,KLC4,198.5245683
1234,NME3,198.0205053
1235,LRCH1,197.176376
1236,ZC3H15,197.1522579
1237,NUDT19,196.8964674
1238,RPS18,196.4320088
1239,SRC,195.900259
1240,TMEM178B,195.74407
1241,GART,195.3394848
1242,BZW2,195.2724409
1243,FZD3,195.0667439
1244,ITSN1,195.0429001
1245,ARL3,194.972723
1246,PTBP1,194.6701228
1247,NUDC,194.1677628
1248,ERGIC1,193.5394926
1249,CHCHD6,193.0714239
1250,TBK1,192.9939909
1251,ATP6V0A1,192.7029839
1252,SMS,192.1526342
1253,NECAP1,192.0940876
1254,ADAR,191.913976
1255,ALDH18A1,191.3789978
1256,ALCAM,191.3051929
1257,BCKDHA,191.3010203
1258,DPP9,191.2001165
1259,GIT1,191.1425234
1260,RMDN3,191.0296392
1261,FKBP4,190.9753265
1262,DAG1,190.8962307
1263,PTPN13,190.8718414
1264,KALRN,190.7836513
1265,SSH1,190.5203323
1266,NDUFB10,190.4983559
1267,ITSN2,190.3335791
1268,LYPLAL1,190.2702742
1269,ATP5MPL,190.0374886
1270,SYNRG,189.7707052
1271,NT5C,189.6973705
1272,RCHY1,189.4098918
1273,PSMA1,189.1310491
1274,CELF1,188.7108816
1275,CBWD2,188.3869705
1276,MRPS22,187.6373387
1277,NEFH,187.4316082
1278,VDAC3,187.3485594
1279,ACO1,187.3222478
1280,IQSEC3,186.9737193
1281,RAPGEF4,186.8998647
1282,EPB41L2,186.6637421
1283,DOCK4,186.1108475
1284,MRPL19,185.4062519
1285,DERL1,185.3604965
1286,PCMT1,185.144722
1287,EIF3B,184.8974302
1288,H3-2,184.8379888
1289,LLGL1,184.0289714
1290,MAP2K7,183.9230404
1291,GOSR2,183.8569107
1292,DAP3,183.4581706
1293,ARPIN,182.9269612
1294,NAA15,182.9103241
1295,RAB2A,182.8588079
1296,NEMF,182.8145828
1297,LYPLA1,182.4608879
1298,RCC1L,182.2901898
1299,CEP41,181.8201065
1300,EBP,181.8188867
1301,EIF3L,181.7778371
1302,TSFM,181.3426585
1303,PSMD1,180.9992037
1304,PAFAH1B3,180.8442154
1305,ANKRD44,180.0896163
1306,SNX1,179.7097422
1307,TARBP2,179.5203934
1308,GPD2,179.2411442
1309,YTHDF3,179.0812178
1310,SYNE1,178.6000405
1311,TACO1,178.4078776
1312,PRR36,178.3699665
1313,NOA1,178.1193059
1314,HDGFL2,177.5829582
1315,MMAB,177.0450668
1316,PTGFRN,176.7065797
1317,PPP1R9A,176.3680928
1318,KIFAP3,175.9196033
1319,CDH4,174.527832
1320,DVL1,174.3413839
1321,CYFIP2,174.2288361
1322,ABHD17C,174.1866627
1323,TXNRD2,174.0480213
1324,TAMM41,174.0444641
1325,PPP1R7,173.9867121
1326,PNPLA6,173.4887638
1327,RDH14,173.3223171
1328,NARS1,173.2361577
1329,TFRC,173.2093639
1330,PDPR,173.0131311
1331,CEP170,172.8739694
1332,MCAT,172.8547923
1333,LRP1,172.7344513
1334,PBDC1,172.1105752
1335,ITM2B,171.7638629
1336,SORBS1,171.7572396
1337,AFDN,171.5214615
1338,ARHGAP17,171.4304428
1339,MTX1,170.8300686
1340,SMG9,170.7146358
1341,SPRYD4,170.6519527
1342,UBA3,170.6373758
1343,EPN2,170.5246836
1344,GDE1,169.8765818
1345,SYT7,169.8657964
1346,MRPL15,169.8334275
1347,C12orf4,169.2025547
1348,CALM1;CALM2;CALM3,168.8410912
1349,ARF6,168.667202
1350,RPS10,168.2774989
1351,PSMC4,167.9874897
1352,RBBP7,167.7268537
1353,PIP4P1,167.5164547
1354,SLC30A9,167.2473138
1355,MTMR1,167.2260475
1356,DLG3,167.194273
1357,GNL2,167.0871887
1358,TPPP3,166.6783343
1359,GDPGP1,166.4947815
1360,ABRAXAS2,166.0309248
1361,ATP6V1G2,165.8305435
1362,PLPBP,165.8014836
1363,PFKM,165.7384443
1364,PHETA1,165.6881326
1365,CAMK2D,165.5389538
1366,CORO2B,165.2224245
1367,CASTOR2,165.0212275
1368,SH3BGRL2,164.8611679
1369,PRKCI,164.5093288
1370,ADGRL1,164.5051813
1371,TTC19,164.4598665
1372,COMMD3,164.2721914
1373,PRMT7,163.9906902
1374,TSC22D2,163.3503558
1375,N4BP1,163.1886744
1376,HSPA5,163.1576605
1377,RABGGTA,163.0644646
1378,SLC8A1,162.4662204
1379,PALM2,162.1600342
1380,ABHD17B,162.0519454
1381,DLG5,160.8752213
1382,ARHGEF17,160.7484121
1383,DIRAS1,160.7217738
1384,ITGB8,160.6871923
1385,CRABP1,160.5739584
1386,AIMP1,160.5452747
1387,SLC23A2,160.53184
1388,EFNA5,160.3591619
1389,GALK1,160.2174749
1390,EIF3J,159.6920605
1391,RALBP1,159.2520962
1392,ERC1,158.7339735
1393,CYP51A1,158.650383
1394,SDSL,158.4798177
1395,ULBP3,158.4324163
1396,PRKG2,158.2490501
1397,VWA5A,158.0486984
1398,ABLIM3,157.6151886
1399,ELOB,157.4894155
1400,ABHD11,157.2757225
1401,SEPTIN3,157.1231791
1402,EIF3A,156.9332097
1403,GPX4,156.3839823
1404,PRKACA,156.3676096
1405,SLC9A7,156.1953379
1406,IGF2BP1,156.1707675
1407,MTREX,156.1001333
1408,XXYLT1,155.8922195
1409,SH2B1,155.7526455
1410,DNAJC16,155.5817935
1411,SCAI,155.5360362
1412,NUDT14,154.8089657
1413,DOCK9,154.2819862
1414,GLRX3,153.6942444
1415,SH3BGRL3,153.6511212
1416,MTRF1L,153.4835409
1417,TP53I3,152.7431208
1418,TUBB2A,152.6363551
1419,WFS1,152.5887289
1420,DCXR,152.3244801
1421,NECAB2,152.2802378
1422,LRRC8A,152.2670949
1423,ADCY9,152.0866957
1424,SEZ6L,151.9414686
1425,CNOT7,151.7783483
1426,GPC2,151.7172246
1427,RHOT2,151.4364815
1428,JAKMIP2,151.414259
1429,KPNA2,151.3765831
1430,RPS6KC1,151.1121534
1431,RBCK1,150.9051409
1432,MIF,150.8667794
1433,DOCK11,150.8242321
1434,ATG9A,150.7648826
1435,TOR1A,150.6184019
1436,TEX2,150.5730565
1437,FAM171A1,150.4852085
1438,PPM1F,150.144577
1439,DESI1,150.1381861
1440,SYNCRIP,149.9317195
1441,DCLK1,149.4071248
1442,DDOST,149.310874
1443,TOR2A,148.8719521
1444,ERO1A,148.6697655
1445,SNRPD3,148.0339381
1446,ABCF1,147.9795354
1447,STAMBP,147.5621624
1448,EDF1,147.4897234
1449,SND1,147.1796207
1450,ARHGAP5,147.1627286
1451,ARL10,147.1288452
1452,EIF5A,147.1070485
1453,NDUFS2,146.9094653
1454,RAC1,146.8042202
1455,RAB3C,146.4986725
1456,RBBP9,146.1781667
1457,TST,145.6811981
1458,EIPR1,145.5702203
1459,TRAP1,145.3479805
1460,SLC12A2,144.9352188
1461,ACBD5,144.8913205
1462,ALDH9A1,144.5621643
1463,ECSIT,144.5299225
1464,ATP6V1F,144.0502596
1465,ATRN,143.948904
1466,MAIP1,143.9336147
1467,OSBP2,143.4337859
1468,LRFN3,143.1494471
1469,SYT3,142.5263348
1470,NUBP1,142.4305064
1471,MFGE8,142.4172236
1472,MAP1B,142.3013496
1473,MMP15,142.2068987
1474,ZC3H7B,141.8827159
1475,CPOX,141.8690455
1476,SHPK,141.7684484
1477,USP7,141.4158745
1478,FIG4,141.1780405
1479,TRMT112,141.0088925
1480,RAP2B,140.790179
1481,L2HGDH,140.7473221
1482,EXOC4,140.7450886
1483,MEAK7,140.4921169
1484,SYT9,140.4876909
1485,PPFIA3,140.4010382
1486,NT5C2,140.1866855
1487,RPS11,139.9455891
1488,MRPS9,139.7704226
1489,AP2A1,139.314167
1490,TOR1AIP2,138.9639206
1491,MRRF,138.6843186
1492,DNAJC19,138.6668447
1493,ANO6,138.5993252
1494,SPAST,138.2998937
1495,SWAP70,138.2262573
1496,CSNK1A1,138.1861954
1497,TMEM97,138.1274991
1498,DTYMK,137.9753249
1499,RPL38,137.9240589
1500,SRRT,137.9231389
1501,RAPGEF2,137.4372656
1502,QTRT1,137.0841446
1503,GNAO1,136.9249439
1504,KRT222,136.7609774
1505,WASL,136.725976
1506,XIAP,136.6833521
1507,TRAPPC3,136.6663017
1508,ARHGAP1,136.6210346
1509,ELAVL2,135.7987347
1510,CNNM3,135.697855
1511,MIF4GD,135.5789085
1512,TTC37,135.5052185
1513,XKR4,135.2794101
1514,INPP5A,135.12957
1515,PPP2R2A,135.1216564
1516,FNBP1,134.9659449
1517,GADD45GIP1,134.9511502
1518,RPS16,134.9180651
1519,MTR,134.4396032
1520,TRAPPC1,134.4205065
1521,LNPK,134.0903158
1522,FAAH,133.8724098
1523,TBCC,133.8311577
1524,RPL22,133.5290108
1525,GNS,133.4729061
1526,PPP1CC,133.3148522
1527,MAPK14,133.2077128
1528,TMTC4,133.1580796
1529,LACTB,132.8522625
1530,PPP4C,132.8320134
1531,SPATS2L,132.4130185
1532,MTPN,132.3426256
1533,TXNDC17,132.2148209
1534,MIEF1,131.7682075
1535,MIEF1,131.7682075
1536,RAB15,131.6723302
1537,MRPL40,131.3263016
1538,NDUFA11,130.7571716
1539,GDPD5,130.5978088
1540,ENDOG,130.584858
1541,BIRC2,130.4414304
1542,PSMF1,130.1946335
1543,PSMC2,130.080396
1544,PDHA1,129.6167326
1545,GSTM3,129.3876534
1546,SYNGAP1,129.2973061
1547,SIGMAR1,129.1256892
1548,MYO1D,128.8915723
1549,DTD1,128.8211263
1550,MAPRE3,128.7792905
1551,PPA2,128.6121755
1552,MYL6B,128.3924967
1553,TUBA3C;TUBA3D,128.2002741
1554,VAMP7,128.1938527
1555,TRIP4,128.0918712
1556,WBP2,128.0654879
1557,GNB2,127.7960205
1558,SNRPD1,127.6366386
1559,RALGPS2,127.558521
1560,RPL13,127.3588905
1561,LAMC1,127.2343717
1562,PCDH1,126.913393
1563,TMX3,126.8979492
1564,DCLK2,126.7375209
1565,VPS13C,126.7183215
1566,GATD3B;GATD3A,126.710782
1567,ADSS1,126.3056126
1568,HCN3,126.1749573
1569,TMEM169,126.1333742
1570,MOSPD2,126.0501447
1571,CBL,125.9391766
1572,MRPL49,125.755754
1573,HSPA2,125.6638613
1574,MTMR7,125.3202553
1575,MON1A,125.1713816
1576,RPS25,124.9191532
1577,HNRNPDL,124.5459061
1578,TMEM74B,124.5331751
1579,EIF4A2,124.1941147
1580,RALA,124.166687
1581,CSNK2B,123.7439817
1582,GLG1,123.7203267
1583,PITPNC1,123.6573656
1584,PDHX,123.2959747
1585,GCA,123.0215925
1586,CTU2,122.9407298
1587,KIF5A,122.9153242
1588,LRRC40,122.8504486
1589,SH3BGRL,122.6819573
1590,RBKS,122.5243282
1591,TIGAR,122.0663681
1592,YKT6,121.8665009
1593,PDE2A,121.7664362
1594,PPP2R5D,121.3272146
1595,NRP1,121.2647095
1596,SFPQ,120.9847361
1597,PREX1,120.5904764
1598,ATIC,120.4433155
1599,PPP3R1,120.3242264
1600,ELAVL4,120.1124725
1601,CZIB,119.9595986
1602,PLEKHA5,119.9565406
1603,DHX29,119.8859139
1604,RRM1,119.8597876
1605,SLC25A10,119.7633457
1606,RAB14,119.6256917
1607,C20orf27,119.5666613
1608,MDGA1,119.5006511
1609,TANGO6,119.014885
1610,RANBP6,118.7518056
1611,NQO1,118.6219483
1612,QPRT,118.5915705
1613,ASIC4,118.5810826
1614,ARPC1B,117.9430885
1615,ACP1,117.8677298
1616,FAH,117.7109032
1617,CCDC50,117.3663521
1618,NECTIN3,117.0365906
1619,PSMD9,116.9145041
1620,CISD1,116.8752619
1621,ARFGAP2,116.7198098
1622,DCC,116.343654
1623,NDRG2,115.7223727
1624,BCKDHB,115.4621684
1625,TNKS1BP1,115.1829707
1626,RPS21,114.6464596
1627,GPD1L,113.8384908
1628,SLC25A13,113.3740664
1629,MTHFD1L,113.3085187
1630,SOD1,113.0549374
1631,CFL1,112.7139301
1632,PLCL1,112.6899428
1633,GOT1,112.4518967
1634,PDCD2L,112.4379845
1635,LSM12,112.2208424
1636,CAMK1D,111.7652726
1637,TPRG1L,111.702905
1638,D2HGDH,111.6788953
1639,CACNA1B,111.2838923
1640,NPM1,111.162323
1641,MRPL11,111.1068506
1642,ADCY3,111.0862017
1643,SMC1A,110.5831426
1644,TWF1,110.3923493
1645,SEC24C,110.3730078
1646,PACS1,110.1059847
1647,ARHGAP32,109.721303
1648,DHX9,109.7064616
1649,PC,109.5936117
1650,IDH3B,109.3111801
1651,NDUFAF6,109.2488047
1652,VPS33A,108.9677296
1653,NDUFB7,108.774518
1654,DPYSL3,108.7221899
1655,SEMA4B,108.6224613
1656,DHODH,108.2710142
1657,PTPRJ,107.9367542
1658,RBM12,107.8137436
1659,COQ8A,107.4730814
1660,VPS11,107.4376545
1661,COX15,107.3773899
1662,GAA,106.8531507
1663,NELFB,106.712265
1664,MROH1,106.5330302
1665,PNPLA4,106.3098679
1666,IGF1R,106.2000618
1667,NDRG4,105.8963957
1668,MTDH,105.7784209
1669,CASKIN1,105.7203242
1670,CDC42BPA,105.5757103
1671,TMEM163,105.4851799
1672,SLC4A10,105.3470735
1673,SLC5A6,105.1607437
1674,NRBP2,104.8959627
1675,PYGM,104.8766322
1676,SNX12,104.5202515
1677,GOLGA2,104.4643059
1678,SCFD2,104.3666026
1679,CADM2,104.331941
1680,SEMA6D,104.3061447
1681,MCCC2,103.9478235
1682,CPS1,103.4666328
1683,PLXNB1,103.2434058
1684,RAE1,103.2222214
1685,GFUS,103.1987751
1686,PAICS,103.1263402
1687,ANKRD17,103.0710335
1688,ASPSCR1,103.0020396
1689,ASAH1,102.7210779
1690,RPL7,102.6968386
1691,PSD3,102.6146579
1692,UROD,102.2901103
1693,GPRIN3,102.2804089
1694,CAMSAP2,101.9284229
1695,ARHGAP26,101.9271533
1696,CAMKV,101.8843899
1697,KIAA0513,101.7323198
1698,FLOT1,101.6363824
1699,HERC4,101.0492706
1700,USP11,100.8814869
1701,PRPSAP1,100.6358897
1702,ATP1B3,100.6115926
1703,LHFPL6,100.4068065
1704,WDR7,100.3031568
1705,CABLES2,100.2056898
1706,OTULIN,100.0790634
1707,CTIF,100.0662397
1708,ZNF598,99.97165682
1709,MAPK10,99.84519005
1710,APOOL,99.6156249
1711,SLC17A6,99.52837275
1712,AFG3L2,99.39084911
1713,PIN1,99.3292656
1714,SLC25A24,98.99954003
1715,STRIP1,98.82786082
1716,ATP5PB,98.61118603
1717,MRPS35,98.39421512
1718,SSR3,98.17255336
1719,IGF2BP3,97.99401346
1720,NDUFS3,97.94466877
1721,C1orf198,97.59158278
1722,DNM3,97.39191436
1723,CERS6,97.23394204
1724,SCO1,97.18396123
1725,XRCC6,97.15644772
1726,COPS4,97.01477307
1727,SCRIB,96.82046253
1728,RAB31,96.22707114
1729,PTK7,96.09673945
1730,SHC1,95.96105066
1731,EXOC7,95.91512607
1732,PPP4R1,95.89635977
1733,SOWAHC,95.89277648
1734,DTNA,95.77625131
1735,RAB21,95.76174036
1736,RPL27,95.69258338
1737,NUP188,95.63793058
1738,ATP6AP2,95.51044973
1739,TBC1D24,95.48502971
1740,CSNK1G2,95.45758694
1741,ACOX1,95.43447557
1742,ANAPC1,95.37108422
1743,RTN3,95.09091376
1744,UMPS,95.02502061
1745,PRMT2,94.99366856
1746,COPS6,94.77261227
1747,HPRT1,94.44645262
1748,POLDIP2,94.31388117
1749,LRBA,94.26143648
1750,KCMF1,93.75399715
1751,LARP1,93.35779811
1752,GYG1,93.17581319
1753,TIPRL,92.70874024
1754,TUBB6,92.67165565
1755,GLUD1,92.53455481
1756,KATNAL1,91.63229179
1757,NAPA,91.29422378
1758,NUDT16,91.17145132
1759,CAB39,90.52500915
1760,RAB33A,90.51399041
1761,BTN2A1,90.49456262
1762,NDUFS6,90.10631943
1763,TANC2,89.84961953
1764,CASK,89.71347299
1765,HMGCS1,89.53471088
1766,APBB1,89.40133921
1767,WDR1,89.36197981
1768,HNRNPA3,89.21694803
1769,HECTD1,89.09565926
1770,PAAF1,88.96302795
1771,RSPRY1,88.78002261
1772,ATP5PD,88.67239126
1773,GOPC,88.28491974
1774,NUDT5,87.9724439
1775,TALDO1,87.67039617
1776,THOC3,87.64578565
1777,ATAD3B,87.53602694
1778,MRPL13,87.17408752
1779,DNAJC2,87.17209624
1780,HNRNPD,86.99716505
1781,NDUFB4,86.9206136
1782,LCMT1,86.79569497
1783,COPS7A,86.23147902
1784,MACROH2A1,86.18697866
1785,ATP2B3,86.16175843
1786,KRAS,86.07135392
1787,RPL6,85.90929937
1788,PRKAR2A,85.78616587
1789,WASF2,85.67395274
1790,BIN1,85.65816356
1791,NNT,85.62009113
1792,TMEM256,85.5779457
1793,LETMD1,85.50163523
1794,HNRNPM,85.42429353
1795,DPCD,85.41110991
1796,RRM2B,85.39530826
1797,EXOG,85.19341437
1798,HSD17B7,85.06710482
1799,SNX2,84.70414972
1800,SAR1A,84.39135839
1801,CNTN2,84.36649777
1802,MYL6,84.33834314
1803,TRAPPC5,84.22070526
1804,GRPEL1,84.22059345
1805,NDUFB8,84.20261289
1806,UBR1,83.92884065
1807,CRIP2,83.92351722
1808,CTBP1,83.8868014
1809,PRKCE,83.86955357
1810,OCRL,83.83204652
1811,HERC2,83.7933375
1812,AKR1C3,83.72441705
1813,STAU2,83.70462861
1814,HIBADH,83.58918954
1815,GPR50,83.34685802
1816,MOV10,83.32138316
1817,CCT6A,83.05814744
1818,CAMK1,83.04197452
1819,GNB1,83.01099063
1820,THY1,82.83577156
1821,MRAS,82.7802887
1822,MTMR3,82.31160609
1823,PSMD8,82.24590556
1824,CRBN,81.69324365
1825,FAM234A,81.53372065
1826,FAM162A,81.28608448
1827,HSPB1,81.20973587
1828,RAB6A,81.15846253
1829,DUSP11,81.11024094
1830,AKR1A1,80.64628411
1831,CAST,80.04434966
1832,PCK2,79.90838408
1833,NUP43,79.54600462
1834,SMARCA5,79.54496194
1835,SAR1B,79.49125171
1836,MOCS3,78.678922
1837,GDAP1L1,78.66748427
1838,PAK4,78.39671071
1839,CNTN5,78.0370585
1840,USP13,77.72904203
1841,HECTD3,77.64754009
1842,CARM1,77.09642156
1843,ALK,77.09085656
1844,EIF2B3,76.85305181
1845,PLXNA2,76.66105987
1846,SSH2,76.30071131
1847,SPPL2B,76.23265297
1848,ARFGEF1,76.14405377
1849,PMVK,75.18221029
1850,GRK2,75.1621046
1851,LIN28B,75.10728191
1852,DOC2A,75.05655289
1853,PSMD7,74.81301426
1854,ITGA7,74.73666478
1855,MT-ND5,74.59403895
1856,IRGQ,74.54772822
1857,AS3MT,74.44371414
1858,RRAGA,74.38976146
1859,PSMB4,74.38124656
1860,PCBD1,74.32287597
1861,CARD19,74.02032472
1862,GFRA1,73.850818
1863,NT5DC2,73.78912927
1864,TMPO,73.57425403
1865,TMPO,73.57425403
1866,TMPO,73.57425403
1867,TMPO,73.57425403
1868,DDX39B,73.55045065
1869,MTMR6,73.35232195
1870,NTNG2,73.34658592
1871,DAAM1,73.34152555
1872,ATL1,73.26312511
1873,TFAM,73.25104747
1874,PLEKHO2,73.22536214
1875,ALG9,73.09898949
1876,SRGAP3,72.71592679
1877,RABGAP1,72.66637517
1878,LYRM4,72.52336122
1879,TMSB10,71.90248617
1880,PAIP1,71.69995626
1881,ACYP1,71.50932599
1882,TCF25,71.47456885
1883,BAG5,71.3682162
1884,UNK,71.07603137
1885,ITPA,70.69810295
1886,SLC41A3,70.65623729
1887,AKAP9,70.60940169
1888,PRDX1,70.3517488
1889,ABR,70.06425429
1890,TSPYL4,70.03851573
1891,SLC17A7,70.02392197
1892,CTSB,69.85470725
1893,PKN1,69.70714696
1894,ATP5MF,69.56813955
1895,CSTB,69.37783861
1896,MECR,69.25138092
1897,RCN2,69.15447617
1898,CSDE1,69.06185341
1899,HCCS,68.34097607
1900,NPR2,68.22915713
1901,ARHGAP23,68.11927031
1902,SMYD5,68.05758795
1903,STX5,68.00058619
1904,SARS1,67.91870055
1905,ATXN10,67.73520152
1906,DCP1A,67.44840209
1907,COX20,67.39834308
1908,VPS45,67.21525239
1909,HEXD,67.15671665
1910,DUSP3,67.08674178
1911,ULK3,66.53173064
1912,STAT1,66.49075032
1913,ELFN1,66.36899631
1914,RPH3A,66.12941107
1915,LAMP1,66.01994768
1916,DCTN1,66.0100708
1917,SERPINB1,65.79812861
1918,DYNC1LI2,65.27280974
1919,CRTC3,65.12796116
1920,NEURL4,64.47275305
1921,GBA2,64.11536344
1922,SEH1L,63.9835879
1923,CTNNA1,63.81956227
1924,PPP2R5E,63.50443649
1925,STXBP5L,62.85793623
1926,PTP4A1,62.79537201
1927,CPVL,62.68546105
1928,AP2M1,62.5200491
1929,HDHD3,62.47768943
1930,ADPGK,62.41027546
1931,TBC1D13,61.73334344
1932,CLGN,61.72505887
1933,HSP90AA1,61.56111875
1934,SYNM,61.48498535
1935,EXOC3,61.46160825
1936,AAK1,61.45577812
1937,SHOC2,61.14651173
1938,RAB3D,60.82832973
1939,CORO1B,60.27312374
1940,CLSTN3,60.17706108
1941,GPRIN1,60.06589254
1942,C11orf68,60.01314481
1943,KLHL3,59.58381335
1944,ELMO1,59.23873759
1945,JAM3,59.20529556
1946,CHP1,58.59186745
1947,ROCK1,58.34881304
1948,CCP110,58.17598661
1949,SPECC1L,58.16309293
1950,GRB2,58.02178192
1951,MESD,57.81300098
1952,BRSK1,57.80699921
1953,TBC1D10B,56.99362945
1954,UBE2Q1,56.76360489
1955,SNX24,56.66403708
1956,SET,56.60820516
1957,SMAD4,56.0692606
1958,TAB3,55.99366633
1959,SRR,55.57388591
1960,TPT1,55.49334526
1961,IVD,55.45646095
1962,TKT,55.1477623
1963,RHOT1,54.74379094
1964,CS,54.67636871
1965,EIF1,54.36276245
1966,PRRC2A,54.30338287
1967,YIPF3,53.6622378
1968,ARHGAP33,53.13716921
1969,VDAC2,53.06268859
1970,CIAO1,53.04687436
1971,RUSF1,52.97601827
1972,ARL15,52.86801402
1973,PSME2,52.85391998
1974,CRTAC1,52.22362772
1975,PIP5K1C,52.19887477
1976,FAM50A,52.09122914
1977,PGAP1,52.06136226
1978,RAB10,51.90923564
1979,RIPOR1,51.80743932
1980,MSRB2,51.53978793
1981,DGKQ,51.4407196
1982,KYAT3,50.57451868
1983,PRKAR2B,50.53807575
1984,EPHB1,50.50147501
1985,MARS2,50.41746999
1986,ELOVL5,50.35933876
1987,ARPC2,49.78294118
1988,VIM,49.54046885
1989,ELOC,49.4131484
1990,GEMIN5,49.32864603
1991,DOC2B,49.04990626
1992,AP2B1,48.72486369
1993,UBE2I,48.67626953
1994,TSG101,48.66910196
1995,NUP133,48.48032667
1996,PSMA3,47.53836155
1997,ATG16L1,47.50981681
1998,SLC7A6,47.41497803
1999,ABCF2,47.40962855
2000,RUFY1,46.82916895
2001,POLD1,46.68345706
2002,MAP1S,46.48855972
2003,DPM1,46.48783875
2004,MINDY3,46.44695028
2005,NUDCD1,46.31634363
2006,PALLD,46.15676212
2007,AP4M1,46.04688071
2008,CAMKK1,45.91681258
2009,GFPT2,45.42597485
2010,LAP3,45.35522588
2011,RAP1GAP,45.06996409
2012,CD276,45.03031095
2013,ERMP1,44.95443034
2014,IPO11,44.0459226
2015,CBARP,43.5963664
2016,UQCRC2,43.47846389
2017,SGIP1,43.39262581
2018,MRPS34,43.23506475
2019,GATD1,43.16694959
2020,ARMT1,42.85270547
2021,ABHD12,42.80525589
2022,TF,42.7547938
2023,RAB12,42.69613767
2024,HMGB2,42.35061932
2025,UHRF1BP1L,42.33506648
2026,CHRNB4,42.19072978
2027,EDC4,42.01233163
2028,PSMB3,40.40217654
2029,ILK,40.19692294
2030,SIRT2,39.98208713
2031,AK3,39.64703798
2032,GABARAP,38.9235398
2033,COMMD9,38.90520286
2034,SLC4A8,38.89822134
2035,ATAD3A,38.74138975
2036,ADCK1,38.57733107
2037,PGLS,38.56440671
2038,GRM2,38.4689916
2039,COPS7B,37.97076353
2040,NDUFA7,37.46918551
2041,RAB3GAP1,36.95941671
2042,MB21D2,36.90233866
2043,TRAPPC9,36.84679985
2044,COG3,36.82263374
2045,NCL,36.08382416
2046,RPS9,35.51253764
2047,UBE2Z,34.85782623
2048,FBXL15,34.84684086
2049,TIMM44,34.43987337
2050,LMBRD2,33.81082408
2051,ATP6V1D,32.77837244
2052,MCCC1,32.38389015
2053,PCDH17,31.81851482
2054,MOGS,31.43892225
2055,TMEFF1,31.41670799
2056,PCYOX1,31.2293218
2057,CCDC127,31.04441134
2058,EEF1A2,30.90623156
2059,FBXL16,30.85459868
2060,SV2B,30.26825285
2061,GGT7,30.05150795
2062,PPT1,29.15376727
2063,PMPCB,28.9218893
2064,SLC7A14,28.19363785
2065,PACS2,27.37924838
2066,NIPSNAP1,27.01519585
2067,NUDT21,25.59711679
2068,KIF21B,25.20756595
2069,NDUFA6,24.33133793
2070,QDPR,22.8225801
2071,TRIM46,21.97220675
2072,SLC27A4,20.82426516
2073,TMEM143,18.94844914
2074,PGM2L1,18.77612662
2075,ACYP2,18.52360217
2076,ABCB10,18.25050449
2077,SLC44A1,18.10712004
2078,CCT8,17.87239742
2079,SNX30,16.19561792
2080,MDGA2,15.94683679
2081,APC,15.50907962
2082,PPM1A,15.3518343
2083,NAV2,15.20046234
2084,CDC27,14.83420658