Rank,Genes,row_mean.QH_H,,,,
1,ACTB,21253552,,,,
2,ACTC1,6755210.25,,,,
3,MAP1LC3B2;MAP1LC3B,5375320.5,,,,
4,CROCC,4834645.375,,,,
5,TAF15,3654119.917,,,,
6,TUBB4B,3374970.167,,,,
7,PCBP1,3340897.167,,,,
8,DPYSL3,2986799.667,,,,
9,EEF1A1,2895346.25,,,,
10,DDX5,2784569.958,,,,
11,HNRNPK,2713784.333,,,,
12,UCHL1,2595625.333,,,,
13,HSPA1A;HSPA1B,2545216.917,,,,
14,PHGDH,2487536.625,,,,
15,YWHAG,2298823.958,,,,
16,HSP90AB1,2227970.042,,,,
17,DPYSL2,2093618.25,,,,
18,TUBA1A,2089388.375,,,,
19,YWHAZ,2047452.313,,,,
20,CASP3,1876107.313,,,,
21,GBA,1792769.917,,,,
22,PCBP2,1790534.5,,,,
23,ACTBL2,1723844.188,,,,
24,EFTUD2,1682399.875,,,,
25,PLD3,1641132.458,,,,
26,STMN1,1575328.667,,,,
27,HNRNPA2B1,1547459.042,,,,
28,PAFAH1B3,1531698.5,,,,
29,YARS1,1487127.25,,,,
30,HSPA8,1453767.708,,,,
31,COX6C,1417629.5,,,,
32,IDH1,1407829.417,,,,
33,H2AC11;H2AC6;H2AC12;H2AC14;H2AJ,1385934.719,,,,
34,PKM,1343611.771,,,,
35,NCOA5,1334198.938,,,,
36,EWSR1,1326514.708,,,,
37,ATXN2L,1315127.708,,,,
38,ERH,1276909.083,,,,
39,YWHAB,1273999.208,,,,
40,DCX,1231583.438,,,,
41,MDH1,1102456.219,,,,
42,HNRNPH1,1098641.896,,,,
43,HNRNPH3,1054622.469,,,,
44,H4C1,1005523.401,,,,
45,TAGLN3,963304.125,,,,
46,PPA1,941190.2344,,,,
47,XPNPEP3,902582.4063,,,,
48,NEFM,891424.625,,,,
49,UBE2N,889777.6458,,,,
50,YWHAQ,887166.3229,,,,
51,PARK7,853164.3021,,,,
52,STIP1,851396.8646,,,,
53,GNAI2,847177.8854,,,,
54,HNRNPD,838386.5208,,,,
55,PPIA,825127.2865,,,,
56,IDH3A,749206.2657,,,,
57,GRB2,744116.875,,,,
58,SYT1,743325.1875,,,,
59,CADPS,740390.7735,,,,
60,TUBB2B,736625.4479,,,,
61,NRP1,731752.375,,,,
62,COX4I1,730130.25,,,,
63,MAP1B,707654.1979,,,,
64,ATP1A3,685571.7188,,,,
65,TUBB,679723.7396,,,,
66,GDI2,671203.5729,,,,
67,ENO2,666617.0833,,,,
68,FUBP1,660470.4844,,,,
69,COX5B,647156.5313,,,,
70,MAPT,631312.4377,,,,
71,STX7,630921.2188,,,,
72,NONO,610927.7292,,,,
73,SNRPD3,599693.3985,,,,
74,CALM1;CALM2;CALM3,599432.2109,,,,
75,STXBP1,591208.3438,,,,
76,KHSRP,590856.375,,,,
77,SPTBN1,583858.0156,,,,
78,GNAO1,546087.1458,,,,
79,SUMO2,542262.5729,,,,
80,NAGK,533563.2813,,,,
81,UBA1,526271.1823,,,,
82,SYNGR1,495770.6407,,,,
83,KLC4,495674.0469,,,,
84,MATR3,493628.9688,,,,
85,LDHB,487754.4896,,,,
86,REEP5,487166.9219,,,,
87,HNRNPDL,482722.8203,,,,
88,CRMP1,481081.3334,,,,
89,EEF2,476828.8177,,,,
90,AP1B1,472791.0782,,,,
91,MAPRE1,464669.0938,,,,
92,TUBB6,461878.2708,,,,
93,CSNK2A1,454429.8594,,,,
94,ELAVL4,445786.1875,,,,
95,GARS1,443440.3125,,,,
96,RAB7A,439415.5209,,,,
97,CSE1L,436085.7188,,,,
98,VIM,433943.599,,,,
99,UBE2V2,431955.8737,,,,
100,SHMT2,423211.8698,,,,
101,STRBP,420693.0313,,,,
102,LYPLA1,418342.3282,,,,
103,PFN2,416578.5417,,,,
104,UBE2V1,415780.3039,,,,
105,RUFY3,415730.1563,,,,
106,HSPA9,415419.4167,,,,
107,RAC3,413012.4479,,,,
108,DDX17,403087.9844,,,,
109,HNRNPC,402432.7657,,,,
110,GNA11,394522.4375,,,,
111,PCMT1,393934.6927,,,,
112,ATP6V1A,373836.8203,,,,
113,HSP90AA1,371206.9688,,,,
114,GAPDH,371040.7083,,,,
115,ARPC3,369089.6133,,,,
116,YWHAE,367955.6354,,,,
117,ERP29,362647.7344,,,,
118,PDIA3,358684.4323,,,,
119,OAT,353864.6836,,,,
120,SRI,344780.849,,,,
121,SPTAN1,339054.026,,,,
122,BANF1,328027.0417,,,,
123,NDUFC2,326645.1094,,,,
124,USP5,323485.875,,,,
125,ATP5F1A,317650.4531,,,,
126,CCT6A,317115.4362,,,,
127,COX5A,316083.8333,,,,
128,DDX3X,313314.6485,,,,
129,CNTN1,309895.026,,,,
130,HDGFL3,308812.3047,,,,
131,INA,308050.8073,,,,
132,RPS27A,303074.8073,,,,
133,FUS,302834.7188,,,,
134,CRABP1,301771.2422,,,,
135,PSAP,300270.2969,,,,
136,SCRN1,299509.7786,,,,
137,PSMA1,298126.2422,,,,
138,DNAJC11,295856.836,,,,
139,HNRNPA3,294651.6355,,,,
140,TUBB2A,286402.2579,,,,
141,TPI1,283815.4479,,,,
142,PRDX3,280080.7549,,,,
143,CLTC,278345.099,,,,
144,RPL10,277028.1094,,,,
145,ATP5F1B,275019.8262,,,,
146,COX8A,272646.6768,,,,
147,PRMT1,268406.5196,,,,
148,WBP2,264137.1192,,,,
149,ALDOA,261604.7682,,,,
150,PRDX5,260476.7136,,,,
151,KPNB1,253387.1875,,,,
152,SUB1,251422.1484,,,,
153,ANXA7,250512.7109,,,,
154,PDIA6,246918.7539,,,,
155,HNRNPA1,244420.2891,,,,
156,EIF4G2,244109.6328,,,,
157,CAND1,243265.6064,,,,
158,PPP2CB,238787.8438,,,,
159,RAB3D,235091.1094,,,,
160,SARS1,234069.7852,,,,
161,CCT4,233992.1719,,,,
162,CS,232239.099,,,,
163,SRSF3,231418.2813,,,,
164,PPP2R1A,230502.6042,,,,
165,YWHAH,230185.5234,,,,
166,HNRNPM,225501.9714,,,,
167,SNCG,225308.5703,,,,
168,CCT3,222678.9236,,,,
169,LASP1,212093.0723,,,,
170,STAG1,211559.3672,,,,
171,VAT1,209450.6797,,,,
172,NEFL,208998.6797,,,,
173,MT-CO2,207185.0807,,,,
174,CTSB,200523.4961,,,,
175,RPS5,195902.0886,,,,
176,RPS13,194379.0488,,,,
177,HK1,192741.2266,,,,
178,THRAP3,191361.9375,,,,
179,CCT5,188506.3204,,,,
180,CLTA,186915.4219,,,,
181,RPN1,185478.3555,,,,
182,PSMA4,182932.8568,,,,
183,NME2,179577.7969,,,,
184,NSF,178261.8438,,,,
185,GNB2,177226.9844,,,,
186,CFL1,175145.5357,,,,
187,EEF1B2,172718.8437,,,,
188,RAD23B,171538.8757,,,,
189,EIF4A1,167860.0625,,,,
190,ACLY,166456.847,,,,
191,DPYSL4,163311,,,,
192,RPSA,162853.0781,,,,
193,ACTR3B,162053.0665,,,,
194,RTN3,155214.7266,,,,
195,GNAI1,153651.0195,,,,
196,SH3BGRL3,150846.2187,,,,
197,PEBP1,150298.7539,,,,
198,ILF3,149119.9922,,,,
199,TXN,144842.9668,,,,
200,GSTP1,143240.0703,,,,
201,TUBB3,139445.9531,,,,
202,HNRNPA0,137016.0365,,,,
203,IGF2BP1,136854.0137,,,,
204,GNB1,135096.5651,,,,
205,VCP,133018.2917,,,,
206,SFPQ,130751.7162,,,,
207,LRPPRC,128715.5898,,,,
208,GAP43,123902.8281,,,,
209,SLC7A5,120621.7891,,,,
210,LAMA5,119745.0039,,,,
211,FASN,119737.4648,,,,
212,RACK1,118226.1198,,,,
213,DDB1,117793.3659,,,,
214,PSMB2,115322.8047,,,,
215,NPM1,114920.2686,,,,
216,RBMX,113890.3438,,,,
217,U2AF1L5;U2AF1,111370.2481,,,,
218,KDM1A,110694.6367,,,,
219,ARGLU1,108486.9297,,,,
220,CSDE1,108379.3125,,,,
221,DDX1,107991.373,,,,
222,SEPTIN7,105611.4375,,,,
223,ELAVL1,104998.3281,,,,
224,MAP2,104590.9414,,,,
225,GPI,103644.78,,,,
226,RTN4,101360.2057,,,,
227,HSPD1,98416.69793,,,,
228,ATP6V1B2,96301.76822,,,,
229,GOT1,94896.31643,,,,
230,RPL8,94804.46679,,,,
231,PGK 1.00,94283.8086,,,,
232,ACO2,93897.09569,,,,
233,AP2B1,92970.94922,,,,
234,ATP5PD,90566.03907,,,,
235,EDIL3,89971.74416,,,,
236,DHX9,88596.35027,,,,
237,TCP1,87321.00975,,,,
238,ATP5F1E;ATP5F1EP2,84460.4336,,,,
239,TKT,82755.54884,,,,
240,SLC25A6,82029.54557,,,,
241,RAN,80797.50097,,,,
242,PSMD1,79652.60547,,,,
243,ENO1,78342.60255,,,,
244,SRSF1,77137.22658,,,,
245,TMSB10,75866.14062,,,,
246,SV2A,73685.06253,,,,
247,HNRNPR,71160.74024,,,,
248,HNRNPL,67010.85156,,,,
249,DYNC1H1,63161.95703,,,,
250,RPS7,61333.39649,,,,
251,TARS1,57640.98242,,,,
252,HNRNPU,54638.20581,,,,
253,MDH2,50046.34766,,,,
254,BCLAF1,49726.72901,,,,
255,PFKL,45963.21875,,,,
256,HSPA5,43678.07667,,,,
257,RPL10A,43650.61499,,,,
258,KRT9,37186.54883,,,,
259,WDR1,37117.95443,,,,
260,RPS10,36419.89128,,,,
261,GOT2,35926.67383,,,,
262,RAB2A,32765.35059,,,,
263,H3C1;H3-3A;H3-4;H3C15,31543.77197,,,,
264,H1-3,28845.31983,,,,
265,RPS18,25307.6778,,,,
266,CPSF6,13269.95264,,,,
267,SRRM1,5846.688721,,,,